Player Name,Clubs Played For
Lionel Messi,"Barcelona, Paris Saint-Germain, Inter Miami"
Cristiano Ronaldo,"Sporting CP, Manchester United, Real Madrid, Juventus, Al-Nassr"
Kylian Mbappé,"Monaco, Paris Saint-Germain, Real Madrid"
Erling Haaland,"Bryne, Molde, Red Bull Salzburg, Borussia Dortmund, Manchester City"
Jude Bellingham,"Birmingham City, Borussia Dortmund, Real Madrid"
Vinícius Júnior,"Flamengo, Real Madrid"
Harry Kane,"Tottenham Hotspur, Leicester City, Millwall, Bayern Munich"
Kevin De Bruyne,"Genk, Chelsea, Werder Bremen, VfL Wolfsburg, Manchester City"
Mohamed Salah,"El Mokawloon, Basel, Chelsea, Fiorentina, AS Roma, Liverpool"
Robert Lewandowski,"Znicz Pruszków, Lech Poznań, Borussia Dortmund, Bayern Munich, Barcelona"
Luka Modrić,"Dinamo Zagreb, Zrinjski Mostar, Inter Zaprešić, Tottenham Hotspur, Real Madrid"
Neymar Jr,"Santos, Barcelona, Paris Saint-Germain, Al-Hilal"
Antoine Griezmann,"Real Sociedad, Atletico Madrid, Barcelona"
Virgil van Dijk,"Groningen, Celtic, Southampton, Liverpool"
Bukayo Saka,Arsenal
Pedri,"Las Palmas, Barcelona"
Rodri,"Villarreal, Atletico Madrid, Manchester City"
Lautaro Martínez,"Racing Club, Inter Milan"
Bruno Fernandes,"Novara, Udinese, Sampdoria, Sporting CP, Manchester United"
Victor Osimhen,"Wolfsburg, Charleroi, Lille, Napoli, Galatasaray"
Federico Valverde,"Peñarol, Deportivo La Coruña, Real Madrid"
Florian Wirtz,Bayer Leverkusen
Cole Palmer,"Manchester City, Chelsea"
Lamine Yamal,Barcelona
Endrick,"Palmeiras, Real Madrid"
Declan Rice,"West Ham United, Arsenal"
Gabriel Martinelli,"Ituano, Arsenal"
William Saliba,"Saint-Étienne, Nice, Marseille, Arsenal"
Trent Alexander-Arnold,Liverpool
Darwin Núñez,"Peñarol, Almería, Benfica, Liverpool"
Alexis Mac Allister,"Argentinos Juniors, Boca Juniors, Brighton & Hove Albion, Liverpool"
Dominik Szoboszlai,"FC Liefering, Red Bull Salzburg, RB Leipzig, Liverpool"
Luis Díaz,"Junior, FC Porto, Liverpool"
Bernardo Silva,"Benfica, Monaco, Manchester City"
Phil Foden,Manchester City
Julian Alvarez,"River Plate, Manchester City, Atletico Madrid"
Gavi,Barcelona
Raphinha,"Avaí, Vitoria Guimarães, Sporting CP, Rennes, Leeds United, Barcelona"
Eduardo Camavinga,"Rennes, Real Madrid"
Aurélien Tchouaméni,"Bordeaux, Monaco, Real Madrid"
Thibaut Courtois,"Genk, Atletico Madrid, Chelsea, Real Madrid"
Alisson Becker,"Internacional, AS Roma, Liverpool"
Marc-André ter Stegen,"Borussia Mönchengladbach, Barcelona"
Gianluigi Donnarumma,"AC Milan, Paris Saint-Germain"
Jamal Musiala,Bayern Munich
Leroy Sané,"Schalke 04, Manchester City, Bayern Munich"
Serge Gnabry,"Arsenal, West Bromwich Albion, Hoffenheim, Werder Bremen, Bayern Munich"
Joshua Kimmich,"RB Leipzig, Bayern Munich"
Kingsley Coman,"Paris Saint-Germain, Juventus, Bayern Munich"
Son Heung-min,"Hamburger SV, Bayer Leverkusen, Tottenham Hotspur"
James Maddison,"Coventry City, Norwich City, Aberdeen, Leicester City, Tottenham Hotspur"
Dejan Kulusevski,"Atalanta, Parma, Juventus, Tottenham Hotspur"
Marcus Rashford,Manchester United
Alejandro Garnacho,Manchester United
Rasmus Højlund,"Copenhagen, Sturm Graz, Atalanta, Manchester United"
Kobbie Mainoo,Manchester United
Ousmane Dembélé,"Rennes, Borussia Dortmund, Barcelona, Paris Saint-Germain"
Khvicha Kvaratskhelia,"Dinamo Tbilisi, Rustavi, Lokomotiv Moscow, Rubin Kazan, Dinamo Batumi, Napoli"
Rafael Leão,"Sporting CP, Lille, AC Milan"
Christian Pulisic,"Borussia Dortmund, Chelsea, AC Milan"
N'Golo Kanté,"Boulogne, Caen, Leicester City, Chelsea, Al-Ittihad"
Karim Benzema,"Lyon, Real Madrid, Al-Ittihad"
Sadio Mané,"Metz, Red Bull Salzburg, Southampton, Liverpool, Bayern Munich, Al-Nassr"
Riyad Mahrez,"Le Havre, Leicester City, Manchester City, Al-Ahli"
Roberto Firmino,"Figueirense, Hoffenheim, Liverpool, Al-Ahli"
Aymeric Laporte,"Athletic Bilbao, Manchester City, Al-Nassr"
Marcelo Brozović,"Hrvatski Dragovoljac, Lokomotiva, Dinamo Zagreb, Inter Milan, Al-Nassr"
Kalidou Koulibaly,"Metz, Genk, Napoli, Chelsea, Al-Hilal"
Sergej Milinković-Savić,"Vojvodina, Genk, SS Lazio, Al-Hilal"
Yassine Bounou,"Wydad AC, Atletico Madrid, Girona, Sevilla, Al-Hilal"
Ivan Toney,"Northampton Town, Newcastle United, Wigan Athletic, Peterborough United, Brentford, Al-Ahli"
Pelé,"Santos, New York Cosmos"
Diego Maradona,"Argentinos Juniors, Boca Juniors, Barcelona, Napoli, Sevilla, Newell's Old Boys"
Zinedine Zidane,"Cannes, Bordeaux, Juventus, Real Madrid"
Ronaldinho,"Grêmio, Paris Saint-Germain, Barcelona, AC Milan, Flamengo, Atlético Mineiro, Querétaro, Fluminense"
Ronaldo Nazário,"Cruzeiro, PSV Eindhoven, Barcelona, Inter Milan, Real Madrid, AC Milan, Corinthians"
Thierry Henry,"Monaco, Juventus, Arsenal, Barcelona, New York Red Bulls"
Kaká,"São Paulo, AC Milan, Real Madrid, Orlando City"
Steven Gerrard,"Liverpool, LA Galaxy"
Frank Lampard,"West Ham United, Swansea City, Chelsea, Manchester City, New York City FC"
David Beckham,"Manchester United, Preston North End, Real Madrid, LA Galaxy, AC Milan, Paris Saint-Germain"
Andrea Pirlo,"Brescia, Inter Milan, Reggina, AC Milan, Juventus, New York City FC"
Xavi Hernández,"Barcelona, Al-Sadd"
Andrés Iniesta,"Barcelona, Vissel Kobe, Emirates Club"
Iker Casillas,"Real Madrid, FC Porto"
Gianluigi Buffon,"Parma, Juventus, Paris Saint-Germain"
Wayne Rooney,"Everton, Manchester United, DC United, Derby County"
Didier Drogba,"Le Mans, Guingamp, Marseille, Chelsea, Shanghai Shenhua, Galatasaray, Montreal Impact"
Samuel Eto'o,"Real Madrid, Mallorca, Barcelona, Inter Milan, Anzhi Makhachkala, Chelsea, Everton, Sampdoria, Antalyaspor"
Zlatan Ibrahimović,"Malmö FF, Ajax, Juventus, Inter Milan, Barcelona, AC Milan, Paris Saint-Germain, Manchester United, LA Galaxy"
Sergio Agüero,"Independiente, Atletico Madrid, Manchester City, Barcelona"
Paolo Maldini,AC Milan
Francesco Totti,AS Roma
Eric Cantona,"Auxerre, Marseille, Bordeaux, Montpellier, Nîmes, Leeds United, Manchester United"
Dennis Bergkamp,"Ajax, Inter Milan, Arsenal"
Ruud van Nistelrooy,"FC Den Bosch, Heerenveen, PSV Eindhoven, Manchester United, Real Madrid, Hamburger SV, Málaga"
Clarence Seedorf,"Ajax, Sampdoria, Real Madrid, Inter Milan, AC Milan, Botafogo"
Patrick Vieira,"Cannes, AC Milan, Arsenal, Juventus, Inter Milan, Manchester City"
Carles Puyol,Barcelona
Philipp Lahm,"Bayern Munich, VfB Stuttgart"
Bastian Schweinsteiger,"Bayern Munich, Manchester United, Chicago Fire"
William Flores,LAFC
Hiroshi Schmidt,"Tottenham Hotspur, LAFC"
Nicolas Tchouaméni,Paris Saint-Germain
Dries Lopez,Liverpool
Jakub Roberts,"RC Lens, Brentford, Lyon, Watford, Al-Ettifaq"
Darwin Tchouaméni,"Barcelona, Udinese, Paris Saint-Germain, Osasuna"
Alexander Smith,"Atalanta, Osasuna, Wolverhampton, Atletico Madrid"
Bernardo Ramirez,Genoa
Hugo Colombo,"RC Lens, Las Palmas, Chelsea"
Frenkie Camavinga,Genoa
Sebastian Bellingham,"Feyenoord, Ajax, Empoli"
Ciro Taylor,Chelsea
Alexis Roberts,"Leicester City, Celta Vigo, Manchester City"
Gavi Meyer,"PSV Eindhoven, Empoli, Leeds United, Fiorentina"
Diogo Wilson,"Al-Ittihad, Al-Ahli, AZ Alkmaar"
Oliver Jones,"LA Galaxy, Getafe, Leeds United, Bayer Leverkusen, Genoa"
Youssef Musiala,"Al-Ahli, Valencia"
Ethan Roberts,Sevilla
Kevin Weber,Atletico Madrid
Gianluigi Rossi,"Benfica, Eintracht Frankfurt"
Thibaut David,"Las Palmas, Tottenham Hotspur"
Dimitri Musiala,"Las Palmas, Atlanta United, Nice, Napoli, AS Roma"
João Thomas,"SC Freiburg, Eintracht Frankfurt"
Daniel Martinez,Wolverhampton
Bukayo Smith,"Rennes, Fulham, Inter Milan, Genoa"
Alessandro Bertrand,"Girona, Lille, Aston Villa, Al-Ahli, Inter Miami"
David Camavinga,"Palmeiras, AZ Alkmaar, Atalanta"
David Becker,"Leeds United, Hellas Verona, Arsenal, Inter Miami"
Amir Jansen,"RB Leipzig, Manchester United"
Bukayo Schulz,"RC Lens, Watford, Wolverhampton, Fiorentina, Flamengo"
Arthur Tchouaméni,"Arsenal, Rennes, Valencia, Borussia Mönchengladbach, Bournemouth"
David Ricci,"Espanyol, Everton, Marseille"
Sebastian Gomez,"Fulham, Flamengo, Werder Bremen, Palmeiras"
Adrian Vasquez,"Lille, Sunderland, Las Palmas, VfL Wolfsburg"
Mikel Michel,"Schalke 04, Columbus Crew"
Rasmus Davies,"AS Roma, Sporting CP, Benfica"
Pedri Leroy,"Udinese, Nottingham Forest, Getafe, Barcelona, Fulham"
Bernardo Fernandez,"Lille, Celta Vigo, Paris Saint-Germain, Barcelona, Arsenal"
Oliver Gonzales,"Fulham, Brighton & Hove Albion"
Bruno Perez,"Espanyol, Osasuna, Sporting CP, Borussia Mönchengladbach, Atletico Madrid"
Sandro Vasquez,"Monaco, Bayern Munich, Getafe, River Plate, SS Lazio"
Jonas Torres,FC Porto
Axel Colombo,"SS Lazio, Bayer Leverkusen, LA Galaxy, Crystal Palace"
Luis Torres,AS Roma
Dimitri Taylor,"Werder Bremen, Udinese"
Samuel Michel,"Osasuna, Bayer Leverkusen"
Dimitri Perez,"Lille, Manchester City, Crystal Palace, Benfica"
Sandro Santos,Columbus Crew
Stefan Jones,"Borussia Mönchengladbach, Borussia Dortmund, Atletico Madrid, AS Roma"
Ethan Jones,"Arsenal, Inter Milan, Las Palmas, River Plate"
Frenkie Wagner,"Al-Ittihad, LA Galaxy, River Plate, Lyon"
Alexis De Bruyne,"Norwich City, Real Betis"
Jakub Gonzales,"LAFC, Schalke 04, Everton, Atlanta United, Sevilla"
Ethan Martinez,"Borussia Dortmund, RB Leipzig, VfL Wolfsburg, Leeds United, Everton"
Ivan Gomez,"Fulham, Rennes"
Benjamin Müller,"Nottingham Forest, Marseille, Getafe, Nice"
Alessandro Garcia,"Leicester City, AC Milan, FC Porto, Nice, Marseille"
Mateo Rossi,"Athletic Bilbao, Sporting CP, Al-Ettifaq"
Rafael Müller,"Juventus, Southampton, Sporting CP"
Gabriel Schulz,"Sevilla, Columbus Crew, Ipswich Town, Aston Villa"
Frenkie Garnacho,Ipswich Town
Josko Evans,"Las Palmas, Southampton, Bologna, Fulham, Getafe"
Pedri Wagner,"Torino, Schalke 04"
Kofi Smit,Sporting CP
Federico Schulz,Tottenham Hotspur
Amir Flores,Atlanta United
Federico Alvarez,"Rayo Vallecano, RC Lens, Athletic Bilbao"
Bernardo Wilson,"RB Leipzig, Borussia Mönchengladbach, Girona"
Liam Sanchez,"Osasuna, Chelsea, Arsenal, Villarreal"
Adrian Fischer,"LAFC, Torino"
Federico Michel,"Aston Villa, Newcastle United, Ipswich Town, Al-Hilal, Wolverhampton"
Sandro Lopez,"Nice, Lille, West Ham United"
Axel Vasquez,Real Sociedad
João Garcia,"Athletic Bilbao, Al-Ahli, Getafe"
Dominik Ramirez,"Boca Juniors, Lyon, SS Lazio"
Declan Alvarez,"Leeds United, São Paulo"
Paul Laurent,Burnley
Bruno Laurent,"Mallorca, Leeds United"
Nicolas Greco,Bayern Munich
Filip Davies,"Bologna, Real Sociedad, Santos, Celta Vigo"
Filip Rodriguez,"AS Roma, Villarreal"
Hiroshi Hernandez,"Bologna, AZ Alkmaar, SC Freiburg"
Kevin Camavinga,"Brentford, Newcastle United, Las Palmas"
Paul Fischer,Manchester United
Alessandro Lefebvre,"LA Galaxy, River Plate, Sevilla"
Axel Bakker,Inter Milan
Igor Garcia,"Arsenal, Stuttgart, Werder Bremen, Al-Ahli"
Dominik Davies,"Parma, Fulham, Sporting CP"
Bruno Rossi,Inter Miami
Kofi Jansen,"Sporting CP, SS Lazio, Valencia"
Kevin Becker,"Southampton, Norwich City, AC Milan, Sporting CP, Genoa"
Luis Williams,"Marseille, Real Madrid, AS Roma, Lille, Arsenal"
Kofi Wagner,"Parma, River Plate"
Lorenzo Ferrari,"Torino, Braga, Atletico Madrid, SC Freiburg"
Cody Jones,Rayo Vallecano
Ivan Esposito,Columbus Crew
Stefan Hoffmann,"Watford, West Ham United"
Mateo Garcia,"Bayern Munich, Strasbourg"
Oliver David,"Feyenoord, Monaco, Norwich City, Al-Ettifaq"
Iker Nieuwenhuis,"Getafe, West Ham United, Benfica, Al-Hilal"
Alexander Ramirez,"Barcelona, Burnley, São Paulo, Al-Ittihad"
Mateo Bertrand,Lyon
Dimitri Diaz,"Tottenham Hotspur, São Paulo, Bayer Leverkusen, Sporting CP"
Dominik Musiala,"Sevilla, Columbus Crew, Torino, Strasbourg, Inter Miami"
Luka Michel,"Udinese, Leeds United, Atlanta United, Bayern Munich, Las Palmas"
Dimitri Meyer,"Borussia Mönchengladbach, Feyenoord, Espanyol, Osasuna, Torino"
Oliver Wagner,"Mallorca, Villarreal"
Rafael Tchouaméni,Tottenham Hotspur
Felix Roberts,"Al-Hilal, Wolverhampton, Al-Nassr, Atletico Madrid"
Benjamin Simon,"Villarreal, Schalke 04, Bayer Leverkusen, AC Milan"
Ethan Wilson,"Inter Milan, Palmeiras, Nice, Al-Ittihad"
Gabriel Mainoo,"Borussia Dortmund, Arsenal, Cagliari, Real Madrid"
Iker Simon,"Atlanta United, LAFC, Schalke 04, São Paulo, RC Lens"
Filip De Bruyne,"Mallorca, Parma"
Xavi Rodriguez,"Atalanta, Sporting CP, Braga, São Paulo"
Kevin Jones,"Southampton, Ajax, Werder Bremen, Brentford"
Thibaut Garnacho,Leicester City
Gabriel Michel,"Bayer Leverkusen, Sheffield United"
Liam Fischer,"Valencia, Atletico Madrid, Hellas Verona, Atalanta"
Romelu Schneider,Bayern Munich
Gabriel Tchouaméni,Bologna
Filip Hernandez,Columbus Crew
Mateo Schmidt,"Bournemouth, Ajax"
Felix Müller,"Bayern Munich, Sporting CP"
David Garnacho,"Bayer Leverkusen, Al-Ittihad"
Igor Marino,"RC Lens, Atlanta United"
David Smith,"Manchester United, Nice, Brentford"
Chidi Mainoo,"Juventus, Al-Ettifaq, Watford, Ipswich Town"
Giorgio Schmidt,Al-Ittihad
Kofi Diaz,"River Plate, Chelsea, Bologna, Werder Bremen, Napoli"
Alexis Marino,RB Leipzig
Gabriel Bianchi,AC Milan
Xavi Ramirez,"Empoli, PSV Eindhoven, Hellas Verona, Al-Nassr"
Felix Lefebvre,"LA Galaxy, Stuttgart"
Darwin Weber,"Werder Bremen, Boca Juniors, Borussia Dortmund, Bayer Leverkusen, Parma"
Giorgio Weber,"Getafe, Liverpool, Osasuna"
Virgil Schmidt,"Marseille, Strasbourg, Sporting CP, Genoa"
Bernardo Rodriguez,"Valencia, Sheffield United, Borussia Mönchengladbach, Atletico Madrid"
Diogo Fischer,"Osasuna, Rennes, Al-Ittihad"
Hiroshi Musiala,Stuttgart
Jonas Gomez,"Inter Miami, SS Lazio"
Xavi Musiala,"Al-Hilal, Bayern Munich"
Gabriel De Bruyne,"Santos, Bournemouth, Liverpool, Real Betis"
Filip Moreau,"Real Sociedad, FC Porto"
Lorenzo Marino,"Lille, VfL Wolfsburg, Bologna, Napoli"
Federico Esposito,"Al-Ittihad, Hellas Verona, Mallorca"
Chidi Schneider,"Nottingham Forest, Inter Miami"
Jonas Rossi,Atlanta United
Josko Brown,"Atletico Madrid, LAFC"
Nathan Meyer,"Flamengo, VfL Wolfsburg, Rennes, Rayo Vallecano, Manchester City"
Jonas Becker,"Empoli, Burnley"
Kofi Santos,"Southampton, Osasuna, Chelsea, Crystal Palace, Lille"
Kwame Vasquez,"Manchester United, Aston Villa, Monaco, Rayo Vallecano"
Cody De Jong,"Atalanta, Sheffield United, Crystal Palace, Girona"
Nathan Flores,AS Roma
Xavi Perez,"Feyenoord, Al-Ahli, Crystal Palace, Wolverhampton, Marseille"
Kofi Gomez,"Nottingham Forest, Lyon"
Romelu Thomas,"Genoa, Udinese, Torino, Real Madrid, Paris Saint-Germain"
Dries Hoffmann,"Ajax, Everton, Strasbourg, LAFC, Manchester City"
Jan Evans,"FC Porto, Leicester City, Leeds United"
Stefan Williams,"Ipswich Town, Leeds United, Arsenal, SS Lazio, Udinese"
Rasmus Van Dijk,"Brighton & Hove Albion, Celta Vigo, Rayo Vallecano"
Kenji David,Al-Ahli
Miklós Fischer,"FC Porto, São Paulo, Watford, Napoli, Newcastle United"
Sandro Thomas,"Mallorca, West Ham United"
Louis Hoffmann,"Atlanta United, Marseille, Rayo Vallecano, Torino, Nottingham Forest"
Memphis Schulz,"Mallorca, RB Leipzig, Schalke 04, Eintracht Frankfurt"
Jan Gomez,"Chelsea, Parma, LAFC, Valencia, RC Lens"
Igor Rodriguez,Celta Vigo
Luis Mainoo,"Bournemouth, Flamengo, Braga, Mallorca, Monaco"
Noah Williams,"Stuttgart, Benfica, Torino, Osasuna"
Lukas Lefebvre,"Liverpool, Bayern Munich, Bologna, SS Lazio"
Bruno Ferrari,Leeds United
Rasmus Nieuwenhuis,"FC Porto, AS Roma, Flamengo"
Federico Lopez,"Liverpool, Sevilla, Girona, Valencia"
David Moreau,"Arsenal, FC Porto, Schalke 04, Bayer Leverkusen, SS Lazio"
Liam Taylor,"Empoli, Ajax, Columbus Crew, Eintracht Frankfurt, Feyenoord"
Jan Martinez,"Mallorca, Lille"
Adrian Wagner,"Al-Ittihad, Borussia Mönchengladbach, Nottingham Forest, Brentford"
Bukayo Müller,"Real Sociedad, Lille"
Julian Bellingham,"Liverpool, Barcelona, Newcastle United, Bayer Leverkusen"
Marco Alvarez,"Al-Ettifaq, Real Betis, SC Freiburg, Al-Nassr"
Youssef Simon,"Bayern Munich, Getafe, Hellas Verona, Lille"
Elias Bruno,"Rennes, SC Freiburg"
Samuel Hernandez,"Palmeiras, Santos, AC Milan"
Bernardo Jansen,"Arsenal, Rayo Vallecano, Inter Miami"
Kofi De Bruyne,"Udinese, Werder Bremen"
Nathan Romano,"Lille, Flamengo, Schalke 04"
Gavi David,"Norwich City, Al-Ittihad, Espanyol"
Ciro Bruno,"Boca Juniors, SS Lazio"
Noah Rossi,"Al-Nassr, Genoa, Inter Milan, FC Porto"
Darwin Alvarez,"Brighton & Hove Albion, Southampton, RB Leipzig, Paris Saint-Germain"
Bruno Torres,"Manchester City, VfL Wolfsburg, Hellas Verona, Aston Villa"
Elias Laurent,"Ipswich Town, Bayern Munich"
Amir Bianchi,"Al-Hilal, Juventus, Benfica, Leicester City, Villarreal"
Luis Camavinga,"Sevilla, Feyenoord, Al-Ettifaq, Flamengo"
Xavi Tchouaméni,Ajax
Bukayo Wagner,"Atlanta United, Liverpool"
Axel Torres,Torino
Louis Schulz,Chelsea
Tiago Gonzales,"Cagliari, Fiorentina, Parma"
Elias Schmidt,"SS Lazio, Marseille, Al-Ahli, Santos, Sheffield United"
Louis Williams,Strasbourg
Gavi Müller,"Nice, West Ham United, Celta Vigo, Bayer Leverkusen"
William Schneider,"Girona, Sporting CP, Aston Villa, São Paulo"
Memphis Wagner,"Leeds United, Ipswich Town, Torino, Bologna, Paris Saint-Germain"
Kofi Michel,"Hellas Verona, Real Madrid, Watford"
Iker De Jong,Espanyol
Gavi Mainoo,"Monaco, Real Betis, Al-Ittihad"
Kwame Fernandez,"Osasuna, Aston Villa, Marseille, Al-Ahli"
Liam Nieuwenhuis,"Boca Juniors, São Paulo, Celta Vigo"
Mikel Colombo,"PSV Eindhoven, Norwich City"
Declan Schneider,"Feyenoord, Manchester City"
Bukayo Garcia,"River Plate, Torino, Brighton & Hove Albion"
Lorenzo Ricci,"Liverpool, Real Betis"
Tiago Simon,"Watford, Southampton"
Sandro Ricci,"RB Leipzig, Mallorca, Sunderland, Girona, Borussia Dortmund"
Kwame Bianchi,Bayer Leverkusen
Oliver Rojas,"Braga, Inter Miami"
Luis Dubois,"Empoli, Liverpool, Santos, Juventus, Aston Villa"
Amir Camavinga,Hellas Verona
Pedri Fischer,"Genoa, PSV Eindhoven, Fiorentina, Manchester United, Braga"
Miklós Van Dijk,Ajax
Nicolò Ferrari,"Barcelona, AZ Alkmaar, Fulham, PSV Eindhoven, Bayer Leverkusen"
Kofi Laurent,Tottenham Hotspur
Noah Lopez,"Eintracht Frankfurt, Newcastle United, Manchester City"
Stefan Camavinga,"Inter Milan, Hellas Verona"
Pedri Tchouaméni,"Paris Saint-Germain, Atlanta United, LA Galaxy, Wolverhampton"
Romelu Torres,"Strasbourg, SS Lazio, Osasuna, Brighton & Hove Albion"
Rasmus Marino,"Torino, Espanyol"
João Torres,"Schalke 04, AZ Alkmaar, Cagliari"
Ethan Dubois,"Norwich City, Nottingham Forest, Hellas Verona"
Daniel Evans,"Bournemouth, Crystal Palace, River Plate, Villarreal, Getafe"
Adrian Garnacho,"Fulham, Flamengo"
Federico Wilson,"Atletico Madrid, Celta Vigo, Villarreal, Boca Juniors, West Ham United"
Alessandro Silva,"West Ham United, Southampton, Schalke 04"
Igor Williams,FC Porto
Mateo Vasquez,Cagliari
Stefan Ferrari,Burnley
Amir Martinez,"LAFC, AC Milan"
Dominik Flores,Bayern Munich
Virgil Ricci,"Paris Saint-Germain, Manchester United, Udinese, RB Leipzig, Barcelona"
Martin Garcia,"Real Madrid, Hellas Verona, AZ Alkmaar, Brentford, Everton"
Nathan Moreau,"Al-Ahli, Manchester United, Borussia Mönchengladbach, Al-Ettifaq"
Jan Perez,Valencia
Mikel Rojas,Southampton
Hiroshi Bellingham,"Genoa, Rennes, VfL Wolfsburg"
Kwame David,"RC Lens, Parma, Manchester City, Santos, Al-Ittihad"
David Bellingham,"Parma, Udinese"
Miklós Laurent,"Hellas Verona, AS Roma, AC Milan"
Hugo Rossi,"Sevilla, Sporting CP, Girona, Fiorentina"
Felix Van Dijk,Liverpool
Sebastian Sanchez,"Manchester City, Atlanta United, LAFC, Fiorentina"
Adrian Musiala,Paris Saint-Germain
Nicolò Musiala,"Sporting CP, Nottingham Forest, SS Lazio"
Diogo Michel,Rayo Vallecano
Alessandro Hoffmann,"Manchester United, Monaco, RB Leipzig"
Jakub Alvarez,"Barcelona, Manchester United, Bologna, Lyon"
Pedri Flores,"Monaco, Barcelona, Napoli"
Mateo Weber,Sheffield United
Youssef Hoffmann,"Bologna, Arsenal, Sheffield United"
Elias Garnacho,"Fulham, West Ham United, LAFC, PSV Eindhoven"
Mateo Sanchez,"Atletico Madrid, Genoa, AC Milan, Hellas Verona, Atalanta"
Arthur Marino,"Inter Miami, Valencia, Boca Juniors"
Gianluigi Gomez,Wolverhampton
Arthur Martinez,Mallorca
Jan Michel,"RC Lens, Torino, AC Milan, Mallorca"
Jakub Bakker,Bologna
Axel Flores,"Braga, Paris Saint-Germain, Borussia Mönchengladbach"
Dominik Hoffmann,Barcelona
Thibaut Gonzales,Athletic Bilbao
Kofi Evans,"Flamengo, Girona"
Kwame Ferrari,Arsenal
Sven Lefebvre,"Southampton, Genoa"
Josko Roberts,"Lyon, Sporting CP, Cagliari, Ipswich Town, Juventus"
Noah Lefebvre,Hellas Verona
Oliver Rossi,"Napoli, Monaco, AS Roma, Al-Nassr, PSV Eindhoven"
Romelu Becker,AS Roma
Gabriel Ferrari,"São Paulo, Ajax"
Frenkie Ricci,Parma
Nicolas Schmidt,"Paris Saint-Germain, AS Roma, VfL Wolfsburg, Leicester City"
Thibaut Hoffmann,"Barcelona, Villarreal, Boca Juniors"
Louis Perez,"PSV Eindhoven, Newcastle United, VfL Wolfsburg, SC Freiburg, Norwich City"
Gonçalo Romano,"Espanyol, Manchester United"
Elias Schneider,"Burnley, RC Lens"
Felix Perez,"Palmeiras, Feyenoord"
Sven Bertrand,"Flamengo, Nice, Udinese, Al-Ahli, Marseille"
Bukayo Rossi,"Torino, Fulham"
Cody Leroy,"Santos, Osasuna, Paris Saint-Germain"
Ethan Colombo,"Ipswich Town, Real Sociedad, Bayer Leverkusen, Udinese, Brighton & Hove Albion"
Ethan Marino,"Ipswich Town, AZ Alkmaar, Liverpool"
Martin Jansen,"Bayer Leverkusen, Nice, Lille, Santos"
Noah Roux,"Benfica, Norwich City, Valencia, RC Lens, Bayern Munich"
Luka Alvarez,Udinese
Nicolas Bianchi,RB Leipzig
Gabriel Williams,Getafe
Jan Leroy,"Stuttgart, Strasbourg, Leeds United, Empoli, Fiorentina"
Kenji Bruno,"Boca Juniors, Atalanta, Braga, Rennes"
Liam Esposito,Villarreal
Hugo Musiala,"Rayo Vallecano, Girona, Inter Miami, FC Porto"
Mikel Alvarez,"Leicester City, Nice, FC Porto"
Elias Romano,"Benfica, Al-Ittihad, FC Porto"
Thibaut Vasquez,"Al-Nassr, Leicester City, Real Sociedad, Lyon, Genoa"
Gabriel Esposito,"Sporting CP, Al-Ittihad"
Phil Smit,AZ Alkmaar
Dominik Michel,"Empoli, Bournemouth, Real Sociedad, Sheffield United, Atletico Madrid"
Bernardo De Bruyne,"Barcelona, Tottenham Hotspur"
Kwame Torres,"Palmeiras, Schalke 04, LAFC, VfL Wolfsburg, Brighton & Hove Albion"
Alexis Bianchi,"Southampton, Rennes, Genoa, Wolverhampton, Leeds United"
Lukas Jones,"Chelsea, SS Lazio, Empoli, Braga"
Stefan Leroy,"Rayo Vallecano, Columbus Crew, Atlanta United, River Plate, Udinese"
Miklós Camavinga,"Real Sociedad, River Plate"
Cody Taylor,"Braga, Monaco, Torino"
Gavi Jansen,"AC Milan, Leeds United, Watford, São Paulo, RC Lens"
Samuel Schneider,AZ Alkmaar
Nathan Marino,"Manchester United, Al-Ettifaq, Stuttgart, Nottingham Forest, Rayo Vallecano"
Sebastian Smith,"Udinese, SC Freiburg, West Ham United"
Axel Sanchez,"Udinese, Bologna"
Mateo Simon,Juventus
Luka Marino,"Inter Milan, Leicester City"
Pedri Thomas,Sevilla
Hugo Esposito,"Tottenham Hotspur, Brighton & Hove Albion"
Kenji Van Dijk,"Flamengo, Al-Nassr"
Cody Roux,"Arsenal, Leicester City, Bournemouth, Girona, Atletico Madrid"
Felix Bellingham,"VfL Wolfsburg, Napoli, Newcastle United, Boca Juniors, Rayo Vallecano"
Stefan Schulz,Crystal Palace
Stefan Simon,"Hellas Verona, Fulham, Newcastle United, Eintracht Frankfurt, Rennes"
Josko Fernandez,"Monaco, Espanyol, Al-Ettifaq, West Ham United, Real Betis"
Dries Silva,"Cagliari, Espanyol, Monaco, AC Milan, Sheffield United"
Dominik Gomez,"Empoli, Fulham, VfL Wolfsburg, Schalke 04, RB Leipzig"
Luka Bellingham,Inter Milan
Cody Garcia,"Fiorentina, Girona, Atlanta United, Bournemouth"
Diogo Hernandez,"Espanyol, LA Galaxy, FC Porto"
Bukayo Ramirez,"LAFC, Columbus Crew, Villarreal, Tottenham Hotspur, Chelsea"
Diogo Tchouaméni,"AZ Alkmaar, Burnley, Boca Juniors"
Phil Bertrand,"Feyenoord, Sheffield United, Tottenham Hotspur, Fulham"
Frenkie Lopez,"Watford, Chelsea, Santos"
Maximilian Garcia,"Real Sociedad, SC Freiburg, Juventus"
Sandro Van Dijk,"Brighton & Hove Albion, Columbus Crew, AZ Alkmaar"
Jonas Wagner,"Boca Juniors, Crystal Palace, Benfica"
Bruno Weber,São Paulo
Pedri Lefebvre,"Atlanta United, Torino, Inter Milan, Atalanta"
Lukas Nieuwenhuis,"Fiorentina, São Paulo, Stuttgart, Mallorca"
Sebastian Michel,Parma
Mikel Brown,"Real Betis, Valencia, Manchester United, Leicester City, FC Porto"
Kwame Hoffmann,"RC Lens, Al-Ettifaq, Napoli, Sunderland"
Rasmus Leroy,"Udinese, Chelsea, LA Galaxy"
Diogo Lefebvre,"PSV Eindhoven, Santos, Everton"
Oliver Moreau,"SC Freiburg, São Paulo, Atlanta United"
Luis Smith,West Ham United
Mikel Leroy,Southampton
Gabriel Ricci,"Inter Milan, Marseille, Brighton & Hove Albion"
Luis Roux,"Fiorentina, Torino, Flamengo"
Oliver Mainoo,"VfL Wolfsburg, Empoli"
Thibaut Rossi,"Getafe, Newcastle United, Brentford"
Mateo Bruno,"Nottingham Forest, Las Palmas, Boca Juniors, Al-Nassr, Udinese"
Jakub Wagner,"Watford, Nottingham Forest, Tottenham Hotspur, Ipswich Town"
Virgil Williams,"Liverpool, Al-Ahli, Sevilla, Sporting CP"
Gonçalo Hernandez,"Schalke 04, Real Betis, Real Madrid, Leeds United, Al-Ettifaq"
William Williams,"SC Freiburg, Barcelona, Nottingham Forest"
Maximilian Moreno,"Santos, Eintracht Frankfurt"
Mateo Ricci,"Monaco, Fiorentina, Bayer Leverkusen, São Paulo, Lille"
Adrian Sanchez,Real Sociedad
Thibaut De Jong,"SS Lazio, Palmeiras, Monaco, Ipswich Town, Southampton"
Rafael Perez,"Bayer Leverkusen, Al-Ahli, Stuttgart, Bologna"
Adrian Bellingham,"Sheffield United, Palmeiras, Southampton, Parma, RB Leipzig"
Ethan Diaz,"Wolverhampton, Real Madrid, Sunderland, Leeds United, Valencia"
Filip Romano,"Rayo Vallecano, Leicester City, Girona, Watford, PSV Eindhoven"
Federico Meyer,"Feyenoord, Real Madrid"
Martin Camavinga,RB Leipzig
Gabriel Jones,"Nice, Wolverhampton, Sunderland, FC Porto, Ajax"
Mikel Bianchi,"Chelsea, Brentford, Leicester City, AZ Alkmaar, Palmeiras"
Ciro Fischer,"Palmeiras, Monaco"
Romelu Rodriguez,"Feyenoord, Schalke 04, Real Betis, AZ Alkmaar"
Kofi De Jong,"Al-Ahli, AS Roma"
Kofi David,Al-Hilal
Ethan Smith,"AC Milan, Borussia Dortmund, Bayer Leverkusen, Athletic Bilbao"
Bernardo Rojas,"Al-Ettifaq, Sevilla, LA Galaxy"
Gonçalo Moreau,"Flamengo, Fiorentina"
Ivan Musiala,Sevilla
Stefan Bertrand,Mallorca
Elias Torres,Real Betis
Dimitri Smith,"Monaco, Inter Miami, Sevilla"
Jonas Smith,"SC Freiburg, Bayer Leverkusen, Eintracht Frankfurt, Real Sociedad"
Sven Fernandez,Juventus
Luka David,"Atletico Madrid, Nice"
Diogo Martinez,Rayo Vallecano
Sven Van Dijk,"Werder Bremen, Aston Villa, Manchester United"
Axel Moreno,"LA Galaxy, Empoli, Flamengo"
Kevin Ricci,AS Roma
Liam Garnacho,"Norwich City, Empoli, Lille, Rayo Vallecano, Ipswich Town"
Iker Jansen,"Flamengo, Lille, Osasuna, Ajax"
Phil Diaz,"Manchester City, Juventus"
Pedri Bianchi,"Empoli, Columbus Crew, West Ham United, Watford, RC Lens"
Ivan Moreau,"Chelsea, Brighton & Hove Albion, Tottenham Hotspur, Al-Ettifaq, Villarreal"
Cody Visser,"Wolverhampton, RC Lens, SC Freiburg, Tottenham Hotspur"
Tiago Rossi,"Juventus, Strasbourg"
Kofi Bianchi,"SC Freiburg, Werder Bremen, Borussia Mönchengladbach, Al-Nassr, Marseille"
Kofi Van Dijk,Fiorentina
Bruno Flores,"Nice, Real Sociedad, Santos, Inter Miami"
Rasmus Rodriguez,"Bayern Munich, Las Palmas, Benfica, River Plate, Boca Juniors"
Lorenzo Mainoo,"Inter Miami, Crystal Palace"
Lorenzo De Jong,"VfL Wolfsburg, Feyenoord"
Declan Greco,"Al-Ahli, Getafe"
Lucas Mainoo,Norwich City
Gabriel Leroy,"AC Milan, Wolverhampton, SS Lazio"
Rasmus Wilson,"RB Leipzig, Boca Juniors, Strasbourg, Bayern Munich"
Ethan Moreno,"Athletic Bilbao, Lyon, Valencia, FC Porto, Borussia Dortmund"
Dominik Greco,"Burnley, Hellas Verona, Werder Bremen"
Bernardo Tchouaméni,"Braga, Palmeiras, Inter Miami"
Phil Fischer,"Borussia Dortmund, Norwich City, Getafe, Osasuna, Lyon"
Kofi Thomas,"Palmeiras, Rayo Vallecano, Al-Nassr"
Jan De Bruyne,"Borussia Dortmund, Bologna, Lyon"
Hiroshi Wagner,Monaco
Luis Tchouaméni,"Juventus, Bologna, Palmeiras, São Paulo"
Elias Becker,Rayo Vallecano
Sebastian Romano,"Benfica, Girona, Atlanta United, Borussia Dortmund"
Jakub Davies,"Mallorca, Lyon, Al-Ittihad, Tottenham Hotspur, Manchester United"
Martin Müller,"Crystal Palace, Sporting CP"
Dominik Thomas,"Crystal Palace, Manchester City"
Eden Esposito,"Manchester City, Al-Ahli, Palmeiras, Tottenham Hotspur"
Alexander Bellingham,"SS Lazio, Benfica"
Darwin Davies,"Valencia, Rayo Vallecano, AZ Alkmaar"
Ethan Sanchez,"Celta Vigo, Werder Bremen, LAFC, Inter Miami, Brighton & Hove Albion"
Paul Simon,"Brighton & Hove Albion, Juventus"
Sven Brown,"Brighton & Hove Albion, Aston Villa, Real Madrid"
Gianluigi Ramirez,"Rayo Vallecano, Hellas Verona, AZ Alkmaar"
Sandro Smit,"Tottenham Hotspur, RB Leipzig, Bayer Leverkusen, Mallorca"
Jonas Flores,"Leeds United, LA Galaxy, Hellas Verona"
Gabriel Schneider,"Aston Villa, LAFC"
Bernardo Becker,"Braga, Columbus Crew, Norwich City, Burnley, Strasbourg"
William Moreau,"SC Freiburg, Valencia, Liverpool, AS Roma"
Dominik Torres,"Tottenham Hotspur, Borussia Dortmund"
Tiago Schmidt,Las Palmas
Iker Müller,"Columbus Crew, Mallorca, Villarreal, Real Madrid"
Julian Fischer,"Al-Hilal, Espanyol, Everton"
Dominik Diaz,"Real Sociedad, Leeds United, AS Roma, Al-Ahli"
Luka Hoffmann,PSV Eindhoven
Kwame Marino,"Barcelona, Tottenham Hotspur, Borussia Dortmund, Wolverhampton, Hellas Verona"
Mikel Marino,"Al-Ittihad, Lille, Bayern Munich, Columbus Crew"
Dimitri Gomez,"Udinese, VfL Wolfsburg, Al-Nassr, Empoli, Ipswich Town"
Gianluigi Flores,Lille
Luka Davies,"Werder Bremen, Wolverhampton, Sunderland, Valencia, Stuttgart"
Jan Flores,"Al-Ettifaq, Nice"
Xavi Sanchez,"Udinese, Everton, Hellas Verona, Southampton, SC Freiburg"
Romelu David,"Everton, Lyon, Bayer Leverkusen, Braga, Real Sociedad"
Gabriel Dubois,"Arsenal, Atlanta United, Atletico Madrid"
Lorenzo Perez,Napoli
Sandro Gonzales,Bayern Munich
Lucas Wagner,"Sheffield United, Palmeiras, Tottenham Hotspur, AZ Alkmaar"
Gabriel Simon,"Genoa, Udinese, Leicester City"
Phil Tchouaméni,"Benfica, Bologna"
Marco Williams,"Juventus, VfL Wolfsburg, Southampton, LA Galaxy, Barcelona"
Alexander Fernandez,"Bayer Leverkusen, Braga, Inter Miami"
Sandro Michel,"Genoa, Celta Vigo, Getafe, Hellas Verona, Bologna"
Felix Meyer,"Inter Miami, Flamengo"
David Lopez,"Strasbourg, Palmeiras, Bournemouth, Espanyol"
Jan Hernandez,Rennes
Lucas Roux,"Braga, Al-Nassr, Crystal Palace, Getafe, LAFC"
Noah Moreau,"Celta Vigo, Schalke 04, Atletico Madrid, Columbus Crew"
Luka Becker,"LA Galaxy, Monaco"
Rafael Mainoo,"Palmeiras, Braga, Valencia, Espanyol, Real Madrid"
Elias Visser,"SS Lazio, Real Madrid"
Hiroshi Gonzales,"Paris Saint-Germain, LAFC, Burnley, Feyenoord, Braga"
Dries Musiala,"Crystal Palace, Bologna, AZ Alkmaar, Sporting CP"
Gavi Smit,"Al-Ittihad, AC Milan, SS Lazio"
Felix Schulz,"Sheffield United, Columbus Crew, Werder Bremen, Bayern Munich"
Stefan Thomas,"Al-Nassr, West Ham United, Bayer Leverkusen"
Ethan Musiala,"AC Milan, Lyon, VfL Wolfsburg, Tottenham Hotspur"
Iker Schmidt,"Athletic Bilbao, Villarreal, AZ Alkmaar"
Sebastian Roux,"Liverpool, Werder Bremen, Inter Miami"
Jonas Martinez,"Genoa, Braga, RC Lens"
Mikel Garcia,Norwich City
Giorgio Musiala,"Borussia Dortmund, Athletic Bilbao"
Bruno Schulz,Atletico Madrid
Jonas Diaz,"Getafe, Al-Ittihad, RC Lens, Al-Nassr"
Jan Dubois,"Lille, Valencia"
Kenji Greco,"Werder Bremen, Benfica, Cagliari, Real Sociedad"
Amir Ricci,"Eintracht Frankfurt, Bayer Leverkusen, Manchester City, São Paulo, Inter Miami"
Cody Rossi,"Fiorentina, Sevilla"
Eden Garcia,"Barcelona, LAFC, West Ham United, Bournemouth, Las Palmas"
Federico Simon,"Wolverhampton, Watford, Villarreal"
Miklós Greco,"Getafe, Eintracht Frankfurt, Lille, Benfica, Al-Ahli"
Bernardo Schneider,"Inter Miami, AZ Alkmaar, LAFC, Borussia Mönchengladbach"
Frenkie Jones,"Sunderland, Tottenham Hotspur, Inter Miami"
Sandro De Bruyne,"Schalke 04, AZ Alkmaar"
Ethan Smit,Ipswich Town
Dominik Martinez,SS Lazio
Samuel Roberts,Al-Nassr
Felix Santos,"RB Leipzig, Hellas Verona"
Pedri Gonzales,"PSV Eindhoven, Sporting CP, Strasbourg, Borussia Dortmund, FC Porto"
Xavi Fernandez,Werder Bremen
Federico Laurent,Bournemouth
Dominik Meyer,"Rayo Vallecano, Bournemouth, RB Leipzig, Al-Ittihad, Braga"
Axel Williams,Manchester City
Dominik Alvarez,"Norwich City, Ajax"
Dominik Schneider,"Mallorca, Santos, Juventus"
Sebastian Marino,"Hellas Verona, Marseille, Getafe, Al-Ittihad"
Filip Schulz,Benfica
Darwin Lopez,AS Roma
Gavi Greco,"Bayern Munich, Everton, PSV Eindhoven, Aston Villa, Al-Ittihad"
Louis Gomez,"Parma, AZ Alkmaar, River Plate, Villarreal"
Gianluigi Torres,"Chelsea, Celta Vigo, Atletico Madrid, Al-Hilal, Marseille"
Cody Weber,Ipswich Town
Phil Meyer,"Marseille, FC Porto, Brighton & Hove Albion, Burnley, Sevilla"
Gabriel Wilson,"West Ham United, Columbus Crew, Al-Ettifaq, Juventus, Ipswich Town"
Kofi Smith,"Espanyol, Marseille, Inter Milan, Braga, Schalke 04"
Bruno Bruno,"Santos, Al-Hilal"
Sebastian Jansen,"Crystal Palace, Manchester City, Parma"
Miklós Perez,"RC Lens, Palmeiras, Strasbourg"
Alessandro Dubois,"Brentford, PSV Eindhoven, Mallorca"
Virgil De Bruyne,"Cagliari, Lille"
Gavi Lefebvre,"Al-Ahli, Nice"
Alexis Greco,Palmeiras
Declan Becker,"Al-Ettifaq, Ipswich Town"
Sebastian Weber,"Genoa, Al-Ettifaq"
William Alvarez,"Sevilla, Empoli, Manchester United, Liverpool"
Alexander Hoffmann,"Empoli, Flamengo, Mallorca, Manchester United"
Virgil Musiala,"SC Freiburg, SS Lazio, Manchester United, Brentford, Liverpool"
Diogo Bellingham,Rennes
Alessandro Ferrari,"Aston Villa, Real Betis, SS Lazio, Inter Milan"
Sebastian Musiala,"Monaco, Stuttgart"
Louis Greco,"Tottenham Hotspur, Mallorca"
Kofi Weber,"West Ham United, Fulham, Sunderland, Parma"
Hiroshi Simon,"Borussia Dortmund, River Plate, Ipswich Town"
João Schneider,"Inter Miami, Feyenoord"
Sven Davies,"Manchester United, Tottenham Hotspur, Real Madrid, Arsenal"
Thibaut Esposito,"Genoa, São Paulo, Villarreal, Torino, Parma"
Darwin Moreno,"Valencia, RC Lens, Al-Hilal"
Maximilian De Jong,"Burnley, Juventus, Sevilla"
Kwame De Bruyne,"River Plate, Getafe, Valencia, Genoa, Osasuna"
Thibaut Ricci,Marseille
Maximilian Tchouaméni,"Al-Ahli, Palmeiras"
Federico Rodriguez,"Al-Nassr, Athletic Bilbao, Torino, São Paulo"
Kwame Hernandez,"Braga, Eintracht Frankfurt, Tottenham Hotspur, PSV Eindhoven"
Kofi Müller,"FC Porto, Wolverhampton, Al-Ettifaq"
Dries Greco,Udinese
Alessandro De Jong,"AS Roma, Werder Bremen, RB Leipzig, Al-Hilal, AC Milan"
João Camavinga,"PSV Eindhoven, Leicester City, Manchester United, Palmeiras, Getafe"
Alexis Colombo,"AZ Alkmaar, Strasbourg"
Noah Garnacho,"Columbus Crew, Villarreal, Santos, Parma"
Nicolas Santos,Las Palmas
Filip Bakker,"Lyon, Nice, Al-Hilal, Monaco, Barcelona"
Virgil Marino,"Bayer Leverkusen, Palmeiras, Braga, Paris Saint-Germain"
Rasmus Jansen,"Bologna, Brentford"
Nathan Ramirez,"AC Milan, Leicester City, Newcastle United"
Chidi Bianchi,"River Plate, Athletic Bilbao, Stuttgart, Borussia Dortmund"
Gonçalo Van Dijk,Torino
Virgil Rossi,Real Madrid
Noah Flores,Atalanta
Gabriel Ramirez,"LAFC, Getafe"
Mateo Williams,"Leeds United, Villarreal, Lyon, Napoli, Bayer Leverkusen"
Miklós Moreau,"Sheffield United, PSV Eindhoven"
Alexis Lefebvre,"Brentford, LAFC, Strasbourg, Watford"
Virgil Michel,"Arsenal, Al-Nassr, Atletico Madrid, Athletic Bilbao"
Ciro Ramirez,"Sheffield United, Empoli, Valencia, Watford, Hellas Verona"
David Fischer,"VfL Wolfsburg, PSV Eindhoven, Sevilla, Rennes"
Iker Dubois,"Newcastle United, Bologna, Cagliari, Hellas Verona, Ajax"
Paul Schulz,"Paris Saint-Germain, Leicester City, Braga, Tottenham Hotspur, Sevilla"
Marco Müller,"Newcastle United, Sheffield United, Fiorentina"
Rasmus Rojas,"Inter Milan, AC Milan, Rennes, Tottenham Hotspur, Monaco"
Iker Michel,"Borussia Mönchengladbach, PSV Eindhoven"
Josko Williams,"Sunderland, Borussia Mönchengladbach, Rayo Vallecano, Tottenham Hotspur, Sheffield United"
Rafael Roux,"Crystal Palace, Cagliari, Aston Villa, Borussia Mönchengladbach, Tottenham Hotspur"
Jonas Bruno,"RB Leipzig, Benfica, Eintracht Frankfurt, SS Lazio, Al-Ahli"
Xavi Simon,"Borussia Mönchengladbach, Sunderland, Leicester City, Marseille"
Mateo Thomas,"Brighton & Hove Albion, Osasuna, Barcelona"
Josko Wagner,"Boca Juniors, Hellas Verona"
Gianluigi Nieuwenhuis,"SC Freiburg, Newcastle United, Monaco, Mallorca, Boca Juniors"
Sandro Garcia,"Schalke 04, Atletico Madrid, Napoli, Manchester United"
Darwin Schmidt,"Brighton & Hove Albion, Udinese, Las Palmas"
Gonçalo Sanchez,"Nottingham Forest, Boca Juniors, Espanyol, Athletic Bilbao"
Giorgio Romano,"Feyenoord, Napoli, Sunderland, Strasbourg, Tottenham Hotspur"
Jan Wilson,Marseille
Gonçalo Camavinga,"Rennes, Werder Bremen, Sunderland"
Tiago Becker,"Monaco, Mallorca, SC Freiburg"
Samuel Laurent,Osasuna
Darwin Vasquez,"Getafe, West Ham United"
Xavi Rojas,"Feyenoord, Mallorca, AC Milan, Genoa, Udinese"
Oliver Sanchez,"SC Freiburg, Atlanta United, Osasuna, Al-Hilal"
Pedri David,"Valencia, Nice, Arsenal, Boca Juniors"
Daniel David,"Fulham, Santos, Werder Bremen"
Thibaut Evans,"Atletico Madrid, Eintracht Frankfurt, Mallorca, Valencia"
Kenji Bianchi,"Monaco, Southampton, Marseille, Borussia Mönchengladbach, River Plate"
Bernardo Martinez,Manchester City
Bukayo David,Nottingham Forest
Arthur Leroy,"Arsenal, Napoli, Watford, Al-Hilal"
Adrian Schulz,"Osasuna, Liverpool"
Darwin Ricci,"Leicester City, Fiorentina, Sporting CP"
Darwin Jones,Juventus
Bukayo Hoffmann,"Napoli, Benfica"
Daniel Torres,Atletico Madrid
Nathan Perez,"Paris Saint-Germain, Barcelona"
Mateo Leroy,Aston Villa
Bernardo Diaz,"Al-Hilal, Southampton, Borussia Dortmund, Ipswich Town"
Miklós Bruno,LA Galaxy
Nicolas Ramirez,"Fiorentina, Real Madrid, Tottenham Hotspur"
Gavi Moreno,"Fulham, VfL Wolfsburg"
Gianluigi Santos,"Benfica, Sunderland, Torino, Bologna, Inter Miami"
Eden Leroy,"Liverpool, Manchester City"
Samuel Diaz,"LA Galaxy, Inter Milan, Bologna, Napoli, Sevilla"
Samuel Schmidt,"AZ Alkmaar, Leicester City, Getafe"
Federico Wagner,FC Porto
Kofi Wilson,"RC Lens, SC Freiburg, Norwich City, Atlanta United, Juventus"
Kwame Martinez,"Eintracht Frankfurt, Inter Milan"
David Müller,"PSV Eindhoven, Rennes, Ipswich Town, VfL Wolfsburg"
Julian Ricci,"Southampton, Inter Milan, Marseille"
Romelu Ricci,"Al-Ahli, Burnley, Flamengo, Bayern Munich, Palmeiras"
Oliver Fernandez,"Fulham, Aston Villa, Las Palmas, Atletico Madrid, Chelsea"
Luka Wagner,"Palmeiras, AC Milan, Napoli, Al-Ittihad, AS Roma"
Sebastian Camavinga,"Strasbourg, Wolverhampton, Osasuna, Leicester City, Real Sociedad"
Sebastian Bakker,"Wolverhampton, Werder Bremen"
Tiago Dubois,"PSV Eindhoven, Flamengo, Benfica, Al-Ahli, AZ Alkmaar"
Benjamin Hoffmann,"LA Galaxy, Espanyol, Everton, Getafe"
Daniel Lefebvre,Hellas Verona
Martin Gonzales,"Sporting CP, LAFC, FC Porto"
Paul Diaz,Al-Nassr
Samuel Santos,"Eintracht Frankfurt, Bologna"
Mateo Visser,"Sunderland, Fiorentina, Southampton"
Youssef Diaz,Villarreal
Dries Weber,"Fulham, Las Palmas, Al-Ettifaq, Monaco, Feyenoord"
Oliver Nieuwenhuis,"SC Freiburg, Empoli, Everton, Eintracht Frankfurt"
Gianluigi Jones,"Leeds United, Girona, Palmeiras"
Nicolas Mainoo,Celta Vigo
Ivan Silva,Aston Villa
Dimitri Garcia,"Empoli, Inter Milan, Wolverhampton, Burnley"
Lucas Bellingham,"Barcelona, Valencia, Getafe, AC Milan"
Rafael Weber,Monaco
Pedri Diaz,"Braga, Crystal Palace, Burnley, Barcelona, São Paulo"
Kevin Hernandez,"Rayo Vallecano, Boca Juniors, Real Sociedad, Valencia"
Daniel Bellingham,"Aston Villa, Fiorentina, Watford, Real Betis"
Gianluigi Schulz,"Getafe, Bayer Leverkusen, Fiorentina, Paris Saint-Germain, Eintracht Frankfurt"
Dimitri Alvarez,SS Lazio
Mateo Roberts,"Bologna, PSV Eindhoven, Al-Hilal, Aston Villa, Villarreal"
Alexander Greco,"Manchester United, Athletic Bilbao, VfL Wolfsburg"
Xavi Gonzales,"Al-Ettifaq, Osasuna"
Daniel Garcia,"Stuttgart, SS Lazio"
Sebastian Torres,"Tottenham Hotspur, PSV Eindhoven, Juventus, Ipswich Town, Paris Saint-Germain"
Gianluigi Gonzales,"FC Porto, Southampton, Espanyol, Real Betis"
Amir Rossi,"Al-Ittihad, LAFC, Valencia, Sevilla"
Virgil Weber,"Ipswich Town, Watford"
Samuel Ramirez,"Manchester United, Sunderland"
Virgil Bertrand,"SS Lazio, Nottingham Forest, Werder Bremen"
Virgil Hoffmann,"Las Palmas, Nottingham Forest, Liverpool, Leeds United"
Phil Schulz,"Chelsea, Atletico Madrid, Valencia, West Ham United, Liverpool"
Dimitri Colombo,"SC Freiburg, Crystal Palace, Braga, Real Madrid"
Amir Williams,AS Roma
Federico Schmidt,Bayer Leverkusen
Nicolas Moreno,Aston Villa
Ethan Thomas,"Watford, AS Roma"
Pedri Gomez,"Paris Saint-Germain, Las Palmas, Ipswich Town, Bournemouth, Fulham"
Maximilian Leroy,"Liverpool, Villarreal"
Marco Garcia,"Crystal Palace, Sunderland, Monaco, Parma"
Thibaut Nieuwenhuis,Genoa
Phil Michel,"Cagliari, Atletico Madrid"
Lukas Meyer,"Udinese, Wolverhampton, Brighton & Hove Albion"
Martin Schmidt,"Eintracht Frankfurt, SS Lazio, Lille"
Nathan Gonzales,Osasuna
Iker Moreno,"Watford, AZ Alkmaar, São Paulo, VfL Wolfsburg"
Dimitri Tchouaméni,Genoa
Diogo De Jong,"River Plate, Borussia Mönchengladbach, Bologna, Marseille, RB Leipzig"
Tiago Bruno,"Sheffield United, Brentford, Sevilla"
Alessandro Thomas,Boca Juniors
Cody Smit,"Palmeiras, Nice, Celta Vigo"
Arthur Torres,"FC Porto, Espanyol"
Youssef Camavinga,Flamengo
Filip Mainoo,"Cagliari, Burnley, Espanyol, Paris Saint-Germain"
Rafael Colombo,"Brentford, Al-Nassr, Al-Ittihad, Cagliari, Marseille"
Gianluigi Rojas,"Norwich City, Eintracht Frankfurt, Schalke 04, Real Sociedad, Burnley"
Xavi Lopez,Everton
Miklós Thomas,VfL Wolfsburg
Nathan Silva,"Strasbourg, Watford, Southampton"
Bernardo Williams,"Everton, Bournemouth, West Ham United"
Giorgio Rojas,VfL Wolfsburg
João Perez,"Al-Nassr, FC Porto, Juventus"
Giorgio Torres,"Real Madrid, Valencia, Tottenham Hotspur"
Arthur Lefebvre,"Benfica, Sevilla, Burnley, Al-Nassr"
Nicolò Colombo,"Sporting CP, Paris Saint-Germain"
Paul Greco,"LA Galaxy, Al-Hilal, Real Betis"
Adrian Williams,Al-Ittihad
Ciro Dubois,"Brighton & Hove Albion, Sheffield United, RC Lens, Sevilla, Strasbourg"
Filip Garnacho,Eintracht Frankfurt
Elias Esposito,Espanyol
Gonçalo Rossi,"PSV Eindhoven, Liverpool"
Dominik Esposito,"Aston Villa, Las Palmas, Athletic Bilbao, Getafe"
Rasmus Hernandez,"Girona, River Plate, Manchester United"
Alexander Martinez,"Torino, LA Galaxy, AC Milan, Sunderland"
Eden Nieuwenhuis,"Bologna, Schalke 04, Genoa, Manchester City"
Nathan Mainoo,"Leeds United, Udinese"
Oliver Lopez,"Bournemouth, Sevilla, Las Palmas"
Nicolas Perez,"Sunderland, Genoa, Leeds United"
Oliver Bellingham,Atalanta
Mateo Lefebvre,"RC Lens, Parma"
Jan Taylor,"Al-Ittihad, Lille, Inter Miami, LA Galaxy"
Sandro Fischer,"Real Madrid, Espanyol, Manchester City"
Liam Dubois,"Lille, Borussia Mönchengladbach, Wolverhampton, Crystal Palace, Empoli"
Alexander Michel,Real Betis
Alexis De Jong,"Manchester City, Brentford"
Jan Jones,"Leicester City, Bayern Munich, Newcastle United"
Chidi Dubois,"Borussia Mönchengladbach, FC Porto, Las Palmas, Liverpool"
Iker Brown,"Genoa, Fiorentina, Sheffield United"
Virgil Garcia,"Torino, Bayer Leverkusen, Las Palmas"
Filip Weber,"Everton, Wolverhampton, Columbus Crew, Al-Ittihad, Sporting CP"
Hugo Gomez,"Schalke 04, SS Lazio, Columbus Crew"
Giorgio Roberts,"Everton, Inter Milan, Stuttgart, AC Milan, Werder Bremen"
Phil Van Dijk,"Espanyol, Bayern Munich, Real Madrid, Leicester City, Juventus"
Lucas Jansen,"Stuttgart, São Paulo, Monaco, Braga, Ajax"
Elias Diaz,"Burnley, Sunderland, Atletico Madrid, Norwich City"
Adrian Garcia,"Leicester City, Al-Ahli, Parma, Watford"
Bukayo Rojas,"Las Palmas, Sevilla, LA Galaxy, Fulham, Liverpool"
Iker Musiala,"Lille, Valencia, Osasuna, Stuttgart"
Frenkie Santos,"Paris Saint-Germain, Stuttgart, River Plate, AC Milan, Newcastle United"
Romelu Alvarez,"Marseille, Paris Saint-Germain"
Lorenzo Torres,Marseille
Hugo Wagner,"Bologna, SS Lazio, Las Palmas, Inter Milan, Benfica"
Xavi Mainoo,"Bayern Munich, Brighton & Hove Albion, Burnley, Osasuna, AS Roma"
Elias Moreau,Juventus
Bruno Müller,Atlanta United
Pedri Fernandez,"Santos, Real Madrid, Real Sociedad"
Hiroshi De Bruyne,Celta Vigo
Samuel Schulz,"Boca Juniors, Valencia, Mallorca, LA Galaxy"
Romelu Sanchez,"Torino, Atletico Madrid"
Eden De Bruyne,"Fiorentina, Everton, SC Freiburg, Santos, Leeds United"
Luka Moreau,"Boca Juniors, VfL Wolfsburg"
Gianluigi Rodriguez,"Norwich City, Watford"
Ethan Schmidt,Hellas Verona
Liam Ricci,"Osasuna, Fiorentina"
Memphis Jansen,"PSV Eindhoven, Nottingham Forest, Al-Ahli, Brentford"
Stefan Marino,"Rennes, Udinese, Burnley, Bayern Munich"
Giorgio Bellingham,"Bologna, Leeds United, Las Palmas"
Rasmus Sanchez,"Brentford, Inter Milan, Crystal Palace"
Arthur Mainoo,"Barcelona, AZ Alkmaar"
Filip Wilson,"Benfica, SS Lazio, SC Freiburg"
Gabriel Santos,"Southampton, AZ Alkmaar, Burnley, Rennes"
Julian Thomas,"RC Lens, Real Sociedad, Al-Ettifaq"
Gabriel Meyer,"Genoa, Bologna, Hellas Verona, Girona"
Jakub Bertrand,"Braga, Stuttgart, Ajax"
Thibaut Ramirez,SC Freiburg
Nicolò Wagner,"Al-Ahli, Manchester United, Borussia Dortmund"
Benjamin Bianchi,"PSV Eindhoven, Valencia, Osasuna"
Amir Schulz,"Wolverhampton, Stuttgart"
Stefan Gonzales,"AS Roma, FC Porto, Sevilla, Al-Ahli, Tottenham Hotspur"
Mateo Nieuwenhuis,"Las Palmas, AC Milan, AS Roma"
Iker Lopez,"Al-Nassr, Monaco, Norwich City, Atalanta, Inter Miami"
Filip Camavinga,"Sporting CP, Cagliari, RB Leipzig, Real Madrid"
Louis Musiala,"Real Betis, Manchester City"
Cody Vasquez,"Inter Miami, Lyon, Flamengo"
Lukas Esposito,Barcelona
Diogo Thomas,"AC Milan, River Plate, Villarreal"
Lorenzo Becker,"Nottingham Forest, Bayern Munich, Crystal Palace, PSV Eindhoven"
Luka Diaz,"VfL Wolfsburg, Real Madrid, SS Lazio, Crystal Palace"
Felix Moreno,"Atalanta, SS Lazio"
Gianluigi David,"Sevilla, Al-Ettifaq"
Lukas Gomez,"Villarreal, Feyenoord, Burnley, Sevilla"
William Gonzales,Udinese
Hiroshi Wilson,"Monaco, Flamengo"
Arthur De Bruyne,Southampton
Martin Lefebvre,"AS Roma, Napoli, Borussia Dortmund, Inter Milan"
Alexander Lopez,"Watford, LA Galaxy, Fiorentina, Aston Villa, Valencia"
Dominik Taylor,Braga
Alexander Schmidt,"Al-Hilal, Bologna"
Chidi Vasquez,Inter Milan
Louis Hernandez,Real Madrid
Mateo Smit,"Parma, Al-Ahli, Tottenham Hotspur"
Diogo Taylor,"AS Roma, Bournemouth"
Adrian Evans,Paris Saint-Germain
Luka Jones,Empoli
Gavi Schneider,"Ajax, Crystal Palace, Rennes, FC Porto, Manchester United"
Darwin Fernandez,Al-Hilal
David Simon,"Genoa, Nottingham Forest, Lille, Girona"
Cody Alvarez,"Al-Hilal, Al-Ahli"
Bukayo Santos,"AC Milan, FC Porto, Manchester City"
Alexis Visser,"Ajax, RC Lens, Al-Ittihad"
Samuel Simon,SC Freiburg
Declan Diaz,"Newcastle United, River Plate, Manchester United"
Mikel Davies,"Stuttgart, Watford, Cagliari"
Eden Becker,"Chelsea, Lille"
Sven Wilson,"Villarreal, Espanyol, Arsenal, Aston Villa"
Dominik Sanchez,Monaco
Dominik Nieuwenhuis,"Liverpool, Boca Juniors"
Ivan Perez,Girona
Gabriel Roberts,"Real Betis, Las Palmas, Bayer Leverkusen, Crystal Palace"
Hugo Williams,Real Betis
João Rossi,"LAFC, Newcastle United, Manchester City, Flamengo"
Noah Santos,"FC Porto, AZ Alkmaar"
Louis Esposito,"Torino, Ajax, Mallorca"
Daniel Marino,"Sheffield United, Newcastle United, AS Roma"
Kevin David,"Inter Milan, Al-Hilal, Borussia Dortmund"
Romelu Jones,Southampton
Nicolas Simon,"Borussia Dortmund, São Paulo, Marseille, Braga, Torino"
Lukas Greco,"Strasbourg, Brentford, Al-Ahli"
Adrian De Jong,"Newcastle United, SS Lazio, Torino, Chelsea"
Benjamin Fischer,"Aston Villa, Al-Nassr, Braga"
Dominik Mainoo,"Barcelona, Sporting CP, Atalanta, Stuttgart, Al-Hilal"
Declan Torres,"FC Porto, LA Galaxy, Getafe, Borussia Dortmund"
Gonçalo Bruno,"Lyon, Strasbourg"
Liam Santos,"RB Leipzig, Bayern Munich"
Sven Jones,Columbus Crew
Xavi Ferrari,"Villarreal, Osasuna"
Liam Jansen,"Lille, AZ Alkmaar"
Gavi Moreau,"Leicester City, Hellas Verona"
Jan Mainoo,"Liverpool, Eintracht Frankfurt, Udinese, Sevilla"
Marco Nieuwenhuis,Manchester United
Kevin Laurent,Lyon
Federico Silva,Santos
Mikel Schulz,"Lyon, Athletic Bilbao, Benfica, Sporting CP, Hellas Verona"
Bernardo Ricci,Barcelona
Frenkie Esposito,"Palmeiras, Ajax, Rennes, Bayern Munich, Al-Ettifaq"
Alexis Ricci,"Newcastle United, Manchester City, Flamengo, FC Porto"
Filip Silva,"Cagliari, PSV Eindhoven, São Paulo"
Kwame Bellingham,"Fiorentina, Al-Ittihad, Manchester United, Chelsea, Sunderland"
Sven Moreno,"Manchester United, Girona, Strasbourg, Watford"
Frenkie Taylor,"Manchester United, Columbus Crew, AC Milan"
Noah Diaz,"Hellas Verona, FC Porto, Paris Saint-Germain, RB Leipzig"
Samuel Nieuwenhuis,VfL Wolfsburg
Liam Bellingham,"Nice, Borussia Dortmund, SC Freiburg, Boca Juniors"
Paul Williams,"Manchester United, Inter Milan"
Alexis Ferrari,"Inter Milan, AC Milan, RC Lens, Al-Hilal, Flamengo"
Thibaut Bianchi,"Udinese, Tottenham Hotspur, SS Lazio"
Mikel Bakker,"Al-Ittihad, Lille, Sevilla"
Federico Evans,"Athletic Bilbao, Ajax"
Kwame Romano,"Al-Nassr, Benfica"
Paul Jansen,"Al-Hilal, PSV Eindhoven, Valencia, Al-Nassr, Newcastle United"
Diogo Musiala,"Nice, Monaco, Sporting CP, Al-Nassr"
Romelu Camavinga,"Napoli, Aston Villa, Stuttgart"
Nicolas Rodriguez,"West Ham United, Crystal Palace, Sporting CP, Everton"
Maximilian Weber,"Rayo Vallecano, Al-Ahli"
Igor Rojas,Al-Hilal
Kwame Wilson,"Brighton & Hove Albion, Cagliari, Udinese, Manchester United, Strasbourg"
Luis Musiala,"Atlanta United, AZ Alkmaar"
Nicolò Bruno,"SC Freiburg, River Plate"
Kenji Martinez,"Inter Milan, AC Milan, River Plate, Al-Ahli"
Rafael Bellingham,Aston Villa
Igor Davies,"Boca Juniors, Torino, Barcelona, PSV Eindhoven, Al-Nassr"
Gabriel Marino,"Schalke 04, LAFC, RC Lens, Watford, Boca Juniors"
Phil Perez,"Burnley, LAFC"
Ivan Diaz,"Chelsea, Napoli, Osasuna, Lyon"
Amir Vasquez,"Nice, Girona"
Alexander Esposito,"Al-Nassr, Wolverhampton, Chelsea, Valencia"
Alessandro Martinez,"FC Porto, Real Madrid, Borussia Mönchengladbach, Santos, Monaco"
Federico Colombo,River Plate
Rafael Smit,"Sheffield United, Stuttgart"
Benjamin Jansen,"AC Milan, Schalke 04"
Josko Moreau,Bologna
Filip Evans,"Villarreal, Empoli, Real Betis"
Jakub Smit,"Lyon, Columbus Crew, Benfica, Aston Villa"
David Romano,"Espanyol, AZ Alkmaar, Strasbourg, Ajax"
Phil Ferrari,"Santos, Newcastle United, Inter Milan, Girona"
Sandro Wagner,Stuttgart
Pedri Bakker,"Udinese, Borussia Mönchengladbach, Chelsea, Real Betis, Benfica"
Jonas Ferrari,"Leicester City, Manchester City, Sunderland, Palmeiras, Werder Bremen"
Josko Silva,Athletic Bilbao
Dominik Evans,"Manchester United, Athletic Bilbao, Werder Bremen, Al-Ittihad"
Axel Perez,"Brentford, Hellas Verona"
Bruno Lopez,Ipswich Town
Liam Williams,"Lyon, Ipswich Town, Monaco"
Eden Bruno,"Feyenoord, AS Roma, Parma, Sevilla"
Gabriel Bruno,Werder Bremen
Alexander Hernandez,"Chelsea, Al-Ittihad, Ipswich Town, Cagliari, RB Leipzig"
Nicolas Becker,"RC Lens, Liverpool, Rayo Vallecano"
Jan Greco,"FC Porto, Brentford, Bayern Munich, Leeds United"
Josko Thomas,"Atlanta United, Juventus"
Sandro Becker,"Real Madrid, Braga"
Nicolò Rojas,Chelsea
Alexander Mainoo,"Juventus, Werder Bremen, Lille, Leicester City, Real Sociedad"
Jan Romano,"SS Lazio, AZ Alkmaar"
Ivan Rojas,"Sheffield United, Barcelona"
Martin Schneider,"Newcastle United, Sheffield United"
Dominik Garnacho,Columbus Crew
Federico Bertrand,"Ipswich Town, Real Betis, Sporting CP, Fulham, Girona"
Hugo Davies,"Borussia Mönchengladbach, Villarreal, Cagliari, Southampton, Sporting CP"
Darwin Müller,Rayo Vallecano
Declan Hernandez,"Sevilla, Borussia Mönchengladbach"
Virgil Esposito,"FC Porto, Real Sociedad, Al-Hilal, Nice, Wolverhampton"
Gianluigi Garnacho,"Sevilla, Napoli, Sunderland"
Alexander Rossi,"River Plate, Barcelona"
Gabriel Lefebvre,"Empoli, Tottenham Hotspur, Braga"
Bruno De Jong,"Udinese, Cagliari, Boca Juniors, Real Sociedad"
Xavi Bellingham,Burnley
Gabriel Gomez,"Tottenham Hotspur, Werder Bremen, Watford"
Amir Perez,Bournemouth
Luka Rodriguez,"Nice, AS Roma, Palmeiras, Paris Saint-Germain, Atletico Madrid"
Amir Tchouaméni,"Bayern Munich, Benfica, Boca Juniors, Wolverhampton, Empoli"
Thibaut Thomas,"LA Galaxy, Real Betis, Tottenham Hotspur, Bayer Leverkusen, RB Leipzig"
Ivan Sanchez,"Empoli, RB Leipzig, Aston Villa, FC Porto"
Ivan Moreno,"Leeds United, Burnley, Marseille, FC Porto"
Elias De Jong,"Chelsea, Barcelona, Flamengo"
Xavi Roberts,Las Palmas
Pedri Roberts,Sporting CP
Jan Visser,"Inter Milan, Bayern Munich, Hellas Verona"
Noah Garcia,"Manchester United, Al-Nassr, Stuttgart"
William Meyer,"Nice, Schalke 04, Marseille"
Darwin Greco,"Paris Saint-Germain, Benfica, Ipswich Town"
Mateo Schneider,"Barcelona, Stuttgart, AS Roma, Cagliari"
Gonçalo De Bruyne,"RC Lens, Arsenal, RB Leipzig, Tottenham Hotspur"
Ivan Meyer,"Wolverhampton, Sheffield United"
Arthur Ricci,"Al-Ettifaq, Nottingham Forest, FC Porto, Celta Vigo, AC Milan"
Nathan De Jong,"Athletic Bilbao, Paris Saint-Germain, Leeds United, AZ Alkmaar"
Eden Fernandez,"Chelsea, Southampton"
Ciro Smith,"Feyenoord, SC Freiburg"
Noah Mainoo,"Everton, Sunderland"
Amir Brown,"AS Roma, Rennes, Marseille, PSV Eindhoven, Bournemouth"
Alexis Wagner,Atletico Madrid
Virgil Van Dijk,"Sunderland, Barcelona, SS Lazio, Rennes"
Elias Brown,"FC Porto, SC Freiburg, Las Palmas, Sunderland, Inter Miami"
Phil Bianchi,"Rennes, Paris Saint-Germain, Fulham, Celta Vigo"
Gavi Bruno,"Manchester United, Bournemouth"
Maximilian Visser,"Al-Ahli, AC Milan, Wolverhampton, RC Lens, Manchester City"
Paul Van Dijk,"Rennes, Brighton & Hove Albion, River Plate, Werder Bremen, RB Leipzig"
Marco Sanchez,"FC Porto, Southampton, RC Lens, Schalke 04"
Alexander Lefebvre,"AC Milan, Fiorentina, Chelsea, Al-Ittihad, VfL Wolfsburg"
Dries Roberts,"Santos, Palmeiras, Genoa, Bologna"
Giorgio Mainoo,Napoli
Nathan Roberts,Rayo Vallecano
Alessandro Tchouaméni,"Girona, Norwich City, Arsenal, Al-Nassr"
Mateo Diaz,"Arsenal, Genoa, Benfica, Athletic Bilbao, Al-Hilal"
Rafael Laurent,"Manchester United, Wolverhampton, Napoli"
Darwin Schneider,"Werder Bremen, Napoli, Marseille"
João Meyer,"Columbus Crew, Athletic Bilbao, SS Lazio, Lille"
Nicolò De Jong,"Fiorentina, Lyon"
Igor Hoffmann,"Bologna, Boca Juniors, Al-Nassr, Juventus, LAFC"
Miklós Roux,"Manchester City, Atletico Madrid"
Bernardo Bellingham,"Al-Ittihad, Al-Ahli, Al-Nassr, Crystal Palace, Leeds United"
Iker Silva,West Ham United
Cody Lefebvre,Fulham
Amir Thomas,"Leicester City, RC Lens, Brighton & Hove Albion"
Iker Moreau,"Benfica, Stuttgart, Rayo Vallecano, Al-Ettifaq, Rennes"
Ethan Williams,"Torino, Aston Villa, Watford, FC Porto"
Mateo Wagner,"Brighton & Hove Albion, River Plate"
Alessandro Bakker,"Al-Ittihad, Celta Vigo, Strasbourg, Sunderland, Braga"
Lucas Ricci,"Benfica, Arsenal"
Arthur Sanchez,"Boca Juniors, AS Roma, Cagliari"
Dominik Dubois,"Paris Saint-Germain, Watford, Stuttgart, Aston Villa"
Benjamin Sanchez,"Rayo Vallecano, Inter Miami, Lyon, Nice, Bologna"
Gonçalo Meyer,"RC Lens, Norwich City"
Frenkie Moreau,"Arsenal, Las Palmas, Burnley, SS Lazio, RB Leipzig"
Nicolas Musiala,RB Leipzig
David Bakker,"Werder Bremen, Santos, Monaco"
Igor Leroy,"Marseille, Borussia Dortmund, Palmeiras, Getafe"
Bernardo David,"Paris Saint-Germain, Brentford, Borussia Dortmund, Newcastle United"
Amir Hernandez,"PSV Eindhoven, River Plate, Barcelona, Braga"
Miklós Rossi,"Cagliari, Stuttgart, Werder Bremen, Aston Villa"
Amir Schmidt,"Liverpool, AS Roma, Braga"
Bernardo Perez,"Burnley, Bayern Munich, Sevilla, Cagliari, Atletico Madrid"
Ciro Weber,"Atlanta United, Al-Ahli"
Jonas Nieuwenhuis,"Espanyol, LAFC"
Stefan Fischer,"Celta Vigo, Watford"
Felix Ramirez,Leicester City
Luis Nieuwenhuis,"Arsenal, Flamengo, Schalke 04, Chelsea, Borussia Dortmund"
Pedri Rossi,"Monaco, Osasuna, Borussia Mönchengladbach, Sheffield United"
Ciro Vasquez,VfL Wolfsburg
Dries De Jong,"Brighton & Hove Albion, RB Leipzig, Bologna, Juventus, Al-Ahli"
Paul David,Al-Ittihad
Mateo David,"Al-Hilal, Aston Villa, Braga"
Tiago Ricci,"Las Palmas, Sheffield United, Lille, Espanyol, Mallorca"
Cody Bianchi,"Sheffield United, Eintracht Frankfurt, Napoli"
Jan Simon,"Empoli, AS Roma, Osasuna"
Virgil Brown,"Southampton, Monaco, Al-Ahli, Celta Vigo, Manchester City"
Youssef Müller,"Parma, Genoa, Watford, West Ham United, São Paulo"
Julian Williams,"Eintracht Frankfurt, Tottenham Hotspur, Feyenoord, Stuttgart"
Josko Rossi,"Real Madrid, Girona, Lyon, Marseille"
Hugo Smith,Atletico Madrid
Igor Van Dijk,Udinese
Bruno Fischer,"Empoli, Lyon, Girona"
Gonçalo Fernandez,"Nottingham Forest, Bologna, Braga, RC Lens"
Maximilian Mainoo,"Benfica, Werder Bremen, Burnley, Boca Juniors, Rayo Vallecano"
Diogo Ferrari,"Borussia Mönchengladbach, Boca Juniors, LAFC, Udinese, Leicester City"
Gavi Wagner,"Feyenoord, West Ham United, Sunderland, PSV Eindhoven"
Bernardo Simon,"Monaco, AS Roma, Ipswich Town, Leicester City, Leeds United"
Bernardo Roberts,"Sevilla, Benfica, Real Betis"
Youssef Dubois,"Torino, Boca Juniors, Empoli"
Giorgio Visser,"SS Lazio, Sunderland, Sheffield United, Bournemouth"
Adrian Müller,"Atlanta United, Al-Ittihad, Leicester City"
Hugo Hernandez,"Lille, Crystal Palace, Brentford, Palmeiras"
Thibaut Smit,Manchester United
Amir Alvarez,Benfica
Iker Hoffmann,"Getafe, LAFC"
Kenji Leroy,"Southampton, VfL Wolfsburg"
Louis Rodriguez,FC Porto
Cody Bertrand,"Mallorca, Lille, Torino, Tottenham Hotspur, Al-Ittihad"
Sandro Williams,"Rennes, Hellas Verona, Feyenoord, Atlanta United, PSV Eindhoven"
Gianluigi Lefebvre,"PSV Eindhoven, Werder Bremen, Real Sociedad, Bologna, Borussia Dortmund"
Sandro Roberts,Torino
Chidi Ricci,"Las Palmas, Wolverhampton, Real Madrid, Aston Villa"
Alexander Visser,"Bologna, Rayo Vallecano"
Cody Camavinga,Al-Hilal
Xavi De Jong,"Aston Villa, Palmeiras, Parma"
Kwame Roberts,Lille
Pedri Taylor,"Lyon, Parma, Juventus, Getafe"
Arthur Bruno,"Barcelona, Las Palmas, Leicester City, Napoli"
Kenji Camavinga,"SS Lazio, Norwich City, Fulham"
Lukas Moreno,"Newcastle United, PSV Eindhoven, Hellas Verona"
Declan Roux,"Al-Ittihad, Ajax, Borussia Mönchengladbach"
Gabriel Alvarez,Werder Bremen
Gabriel Brown,Rayo Vallecano
Youssef Vasquez,"LA Galaxy, Aston Villa, Celta Vigo, Liverpool"
Sven Evans,"AC Milan, Real Sociedad, River Plate"
Sven Marino,"Al-Ittihad, Santos, Brighton & Hove Albion, Villarreal"
Sebastian Rojas,Mallorca
Thibaut Perez,"Bayern Munich, Sheffield United, Norwich City, Girona, Genoa"
Julian Diaz,"Inter Milan, Palmeiras"
Jan Schmidt,Watford
Frenkie Torres,"Sporting CP, Athletic Bilbao, Bayern Munich, Inter Milan, Al-Ahli"
Chidi Ferrari,"Feyenoord, LA Galaxy"
Noah Bellingham,"Nottingham Forest, Girona, Borussia Dortmund, PSV Eindhoven, Real Madrid"
Maximilian Ricci,Sporting CP
Jakub Flores,"PSV Eindhoven, Parma"
Tiago Santos,"Santos, Osasuna"
Lorenzo Diaz,"Santos, Getafe, Aston Villa, Chelsea"
Lorenzo Van Dijk,"Wolverhampton, Fiorentina, Palmeiras, Liverpool, Getafe"
Arthur Nieuwenhuis,Al-Ahli
Declan Bianchi,Everton
Diogo Alvarez,"Santos, Manchester United, Southampton, Borussia Mönchengladbach, Celta Vigo"
Rafael Musiala,"Torino, LA Galaxy, Norwich City"
Gabriel Greco,"Inter Miami, Tottenham Hotspur, Girona"
Noah De Bruyne,"Lyon, Real Betis, Schalke 04, Al-Ittihad"
Xavi Taylor,"Sheffield United, Schalke 04, Bologna, Valencia, LA Galaxy"
Memphis Meyer,"Lille, Leeds United, Fulham, VfL Wolfsburg, Wolverhampton"
Virgil Becker,"Schalke 04, Empoli, Hellas Verona"
Alexander Jansen,"LA Galaxy, Sheffield United, Bournemouth, Ajax"
João Müller,"Inter Miami, Fulham, FC Porto"
Josko Bruno,"VfL Wolfsburg, Al-Ahli"
Sven Bellingham,"Strasbourg, Rayo Vallecano"
Tiago Laurent,"Newcastle United, Manchester City, Stuttgart"
Alexis Hernandez,Southampton
Paul Lopez,"Manchester United, Borussia Mönchengladbach"
Filip Perez,Athletic Bilbao
Darwin De Bruyne,Bayer Leverkusen
João Musiala,"Fiorentina, Santos, Al-Nassr, Everton"
Martin Weber,"Chelsea, LA Galaxy, Ipswich Town, Real Madrid, Atletico Madrid"
Mateo Torres,Inter Miami
Iker Taylor,"VfL Wolfsburg, FC Porto"
Dimitri Garnacho,"Lyon, Atlanta United"
Nicolò Simon,Palmeiras
William Mainoo,"Braga, Hellas Verona, Al-Ittihad"
Nicolas Jones,"Lille, AS Roma"
Luka Bianchi,"Werder Bremen, Rennes"
Jan Colombo,"Lille, Valencia, Fiorentina"
Eden Lefebvre,"RC Lens, Espanyol, Marseille"
Sandro Evans,"Palmeiras, Lille, Atlanta United, Girona"
João Roux,"Juventus, Arsenal, Inter Miami, Brighton & Hove Albion"
Kenji Fernandez,"Tottenham Hotspur, Real Madrid, Arsenal, Barcelona, Atletico Madrid"
Rafael Fernandez,"Lille, SC Freiburg, Lyon"
Ciro Mainoo,"Manchester City, Brighton & Hove Albion"
Frenkie Colombo,"Tottenham Hotspur, Las Palmas"
João Schmidt,"Girona, Real Madrid"
Daniel Mainoo,"Marseille, Atletico Madrid, LA Galaxy, Ipswich Town"
Tiago De Jong,"Borussia Mönchengladbach, Al-Hilal"
Ciro Torres,"AZ Alkmaar, Real Madrid, Brighton & Hove Albion, LA Galaxy, Monaco"
Gavi Gomez,Palmeiras
Bruno Romano,"AC Milan, Nottingham Forest, Palmeiras, Celta Vigo"
Darwin Santos,"Crystal Palace, Real Sociedad, VfL Wolfsburg, Chelsea"
Gianluigi Alvarez,"RB Leipzig, Al-Ittihad, Barcelona"
Felix Martinez,"Udinese, Columbus Crew, Rennes, Monaco"
Luka Sanchez,"Parma, Real Betis"
Thibaut Rojas,"Atalanta, Leicester City"
Cody Mainoo,Lille
Kevin Fischer,AS Roma
Luka Lefebvre,"Flamengo, Tottenham Hotspur"
Nathan Musiala,"Borussia Mönchengladbach, Juventus"
Darwin Mainoo,"Lyon, Strasbourg"
Dominik Schmidt,"Ipswich Town, Mallorca"
Axel Ferrari,"Liverpool, Newcastle United, Sporting CP, SS Lazio, Napoli"
João Romano,"Valencia, Bologna"
Alessandro Rodriguez,"Sunderland, Bologna, Strasbourg"
Jan Rojas,"Chelsea, Celta Vigo, Watford, Al-Ahli"
Pedri Alvarez,Newcastle United
Liam Schmidt,"West Ham United, Rayo Vallecano, Aston Villa, Atalanta, Al-Hilal"
David Hoffmann,"Bayern Munich, Bournemouth, Villarreal, Athletic Bilbao"
Jan Tchouaméni,"Columbus Crew, Las Palmas, Lille, Borussia Dortmund, Ajax"
Elias Fernandez,"Nice, FC Porto, VfL Wolfsburg, Chelsea"
Igor Jones,Rayo Vallecano
Liam Bertrand,Fulham
Iker Weber,"Manchester United, Bournemouth, Real Betis"
Darwin Bruno,"Genoa, SC Freiburg"
Xavi Camavinga,Sheffield United
Maximilian Jansen,"Lyon, Al-Ettifaq, Bournemouth, Chelsea"
Dimitri Smit,"Villarreal, Borussia Mönchengladbach, Juventus"
Arthur Fernandez,"Al-Ahli, Cagliari, Feyenoord"
Luka Meyer,Feyenoord
Igor Bruno,Lyon
Hiroshi Thomas,"Atalanta, Juventus"
Alexis Moreno,LA Galaxy
Gavi Visser,"Feyenoord, Al-Ahli, Celta Vigo, AC Milan, Espanyol"
Ciro Alvarez,"Real Sociedad, RC Lens, Villarreal, Udinese"
Jan Moreno,"Schalke 04, Al-Ahli, São Paulo, Watford, Tottenham Hotspur"
Chidi Smit,"Parma, Palmeiras"
Arthur Rossi,Lyon
Josko Diaz,"Sevilla, West Ham United"
Eden Laurent,"Torino, Atlanta United, PSV Eindhoven"
Hiroshi Alvarez,"Manchester United, Southampton"
Lukas Rodriguez,"Strasbourg, Mallorca, RC Lens, Marseille, Celta Vigo"
Alessandro Roberts,"Al-Ahli, Brentford"
Diogo Gomez,"Tottenham Hotspur, RB Leipzig, RC Lens, Bayern Munich"
Darwin Marino,"Inter Milan, Borussia Mönchengladbach"
Cody Moreno,"Norwich City, Barcelona"
Lucas Laurent,Mallorca
Eden Thomas,"Columbus Crew, Athletic Bilbao"
Benjamin Williams,"Strasbourg, Borussia Mönchengladbach, Al-Hilal, Valencia"
Frenkie Schmidt,"AS Roma, Boca Juniors, Chelsea, RC Lens"
Gavi Rossi,"Strasbourg, Atlanta United, Monaco, Rennes"
Josko Smit,Stuttgart
Nicolas Roux,"Chelsea, Getafe, Stuttgart, Werder Bremen"
Thibaut Garcia,"Inter Milan, Stuttgart, Flamengo, Feyenoord, Crystal Palace"
Memphis Jones,"Real Betis, Strasbourg, Crystal Palace, Al-Hilal"
Mateo Rojas,"AZ Alkmaar, Udinese, Liverpool, Inter Miami"
Luka Flores,"Boca Juniors, Nice"
Sandro Moreno,"SS Lazio, Valencia, Udinese, Brentford"
Giorgio Davies,"Liverpool, Girona, Valencia, Al-Hilal"
Darwin Smith,Liverpool
David Roux,"Leicester City, VfL Wolfsburg, Al-Nassr"
Iker Bakker,"Leeds United, Genoa, Lille, Chelsea, Palmeiras"
Arthur Rojas,"Palmeiras, Al-Ettifaq"
Liam Simon,"Real Sociedad, LA Galaxy, Palmeiras"
Virgil Wagner,"Nottingham Forest, Southampton"
Maximilian Silva,"Flamengo, Girona, Aston Villa, Hellas Verona, Eintracht Frankfurt"
Sven Tchouaméni,RC Lens
Sven Müller,"Paris Saint-Germain, FC Porto"
Cody David,"Torino, Leicester City, Rennes, Arsenal"
Dimitri Bellingham,"Ajax, Feyenoord, Lyon"
Lukas Rojas,Benfica
Gonçalo Lopez,"Brighton & Hove Albion, Sporting CP"
Ciro Schulz,"Liverpool, Crystal Palace, Manchester United"
Romelu Williams,"Braga, Rayo Vallecano"
Martin Mainoo,"Burnley, Hellas Verona, Atlanta United, Nice, Empoli"
Lucas Sanchez,"Valencia, Fiorentina, Genoa"
Benjamin Michel,"Fulham, Real Betis, Bayern Munich, Tottenham Hotspur, Nottingham Forest"
Rasmus Meyer,"VfL Wolfsburg, SS Lazio, Athletic Bilbao"
Jan Gonzales,Monaco
Bukayo Smit,Borussia Dortmund
Rasmus Wagner,"RC Lens, Sevilla, Las Palmas, VfL Wolfsburg"
Ciro Colombo,"Strasbourg, Marseille"
Sven Visser,"Eintracht Frankfurt, Sheffield United, Strasbourg, Celta Vigo"
Kwame Taylor,Nottingham Forest
Bukayo Diaz,"São Paulo, Strasbourg"
Romelu Laurent,Villarreal
Gonçalo Musiala,"Aston Villa, PSV Eindhoven"
Maximilian Wagner,"Santos, Fulham, Real Sociedad"
Federico Ferrari,Newcastle United
Phil Esposito,"Juventus, Inter Miami, Marseille"
Martin Rodriguez,"Norwich City, Villarreal"
Bernardo De Jong,"São Paulo, Brighton & Hove Albion, AZ Alkmaar, Tottenham Hotspur"
Nathan Alvarez,"Werder Bremen, Villarreal, Bayer Leverkusen, River Plate"
Eden Gonzales,"Real Madrid, Marseille, Inter Miami, Braga, Sevilla"
Nicolò Camavinga,Athletic Bilbao
Ciro Esposito,"Fulham, Wolverhampton, Osasuna"
Mateo Bianchi,"Feyenoord, Werder Bremen, Sunderland, Monaco"
Mikel Bruno,"Rennes, Newcastle United"
Chidi Rossi,Mallorca
Eden Sanchez,"Espanyol, Fiorentina, Udinese, Real Madrid"
Kofi Williams,Fiorentina
Lucas Davies,Torino
Nathan Jansen,"Norwich City, Atalanta"
Nathan Smit,"Boca Juniors, Valencia, West Ham United"
Hugo Visser,"Athletic Bilbao, Inter Miami"
Lucas David,"Al-Ettifaq, Stuttgart, Newcastle United, Arsenal"
Chidi Garcia,"Liverpool, Villarreal, Bayer Leverkusen, Chelsea, Manchester United"
Mateo Hoffmann,Monaco
Chidi Wilson,"Watford, Norwich City, Rayo Vallecano"
Hiroshi Camavinga,"Palmeiras, Torino, Sporting CP"
Marco Weber,"Leeds United, Osasuna"
David Santos,"Lyon, SC Freiburg, Manchester United, Athletic Bilbao, Schalke 04"
Gonçalo Bellingham,"Mallorca, West Ham United, Al-Nassr"
Kenji Mainoo,"Sunderland, Ipswich Town"
Sandro Leroy,Southampton
Mateo Van Dijk,Manchester United
Iker Martinez,Napoli
Thibaut Williams,"Paris Saint-Germain, Feyenoord, Al-Hilal, Al-Ittihad, Udinese"
Martin Colombo,"Villarreal, Watford, Al-Ettifaq"
Dominik Camavinga,Columbus Crew
Memphis Garnacho,"Liverpool, São Paulo"
Memphis Torres,"Real Sociedad, Al-Ahli, AZ Alkmaar, Al-Nassr"
Memphis Van Dijk,"Barcelona, West Ham United"
Martin Fischer,"Juventus, Sheffield United, Al-Ittihad"
Tiago David,"Brentford, Fulham, Bayern Munich, Newcastle United"
Gonçalo De Jong,"Sunderland, Rayo Vallecano, Palmeiras, Bologna"
Mikel Mainoo,"SC Freiburg, Manchester United"
Kevin Ramirez,"Lyon, Benfica, Ipswich Town"
Kofi Camavinga,"AS Roma, Paris Saint-Germain, SS Lazio, Espanyol"
Declan Schmidt,"Leeds United, Borussia Dortmund, Inter Milan, Fulham, Atalanta"
Jan Lefebvre,"Marseille, River Plate, Atalanta, Schalke 04"
Rasmus Müller,"FC Porto, Sporting CP"
Xavi Flores,"Rennes, Bayer Leverkusen, Valencia, Lyon, Manchester City"
Jan Williams,"AS Roma, Fulham, Rennes"
Tiago Nieuwenhuis,Liverpool
Jakub Moreno,"Columbus Crew, PSV Eindhoven, Arsenal, West Ham United, FC Porto"
Felix Roux,"Real Betis, Inter Milan, Strasbourg, Monaco, Udinese"
Maximilian Wilson,"Real Madrid, Marseille, Santos"
Luis Schulz,"Al-Ettifaq, Bologna, Liverpool, Nice"
Julian Bakker,"Southampton, Real Betis, Everton, Fiorentina"
Federico Martinez,Al-Nassr
David Wagner,Espanyol
Axel Dubois,"Al-Ettifaq, Genoa, AS Roma"
Alexis Williams,"Tottenham Hotspur, Norwich City, Lyon, Inter Milan"
João Simon,"Rayo Vallecano, Sporting CP"
Adrian Moreno,Ipswich Town
Gabriel Fernandez,"Inter Miami, Borussia Mönchengladbach"
Samuel Gomez,"AZ Alkmaar, AC Milan"
Frenkie Michel,"Sheffield United, Hellas Verona, SC Freiburg, Napoli, Lille"
Virgil Bruno,"Barcelona, Sheffield United, Napoli"
Mikel Silva,"Eintracht Frankfurt, LA Galaxy, Espanyol, Al-Ettifaq, RB Leipzig"
Youssef Laurent,"Monaco, Empoli, Brighton & Hove Albion, Marseille, Borussia Dortmund"
Rasmus Gomez,"LA Galaxy, VfL Wolfsburg"
Hiroshi Bertrand,"Leicester City, Stuttgart, Strasbourg, Liverpool, Getafe"
Cody Perez,"São Paulo, Nice, Real Sociedad, Strasbourg, Crystal Palace"
Bernardo Camavinga,Bayern Munich
Frenkie Bakker,"Monaco, LA Galaxy, Villarreal, AC Milan"
Diogo Becker,"Sunderland, Brighton & Hove Albion, Al-Hilal"
Alessandro Schulz,"Las Palmas, Everton, Feyenoord, Bayern Munich, Nice"
Louis Mainoo,FC Porto
Kwame Rodriguez,"Borussia Mönchengladbach, Leicester City, Southampton"
Luka Perez,"Girona, Southampton, Strasbourg"
Hiroshi Meyer,"Aston Villa, LAFC, Newcastle United"
Mikel Williams,"LAFC, Wolverhampton, FC Porto, Udinese, Fiorentina"
Stefan De Bruyne,"São Paulo, VfL Wolfsburg"
Lucas Bianchi,West Ham United
Alessandro Alvarez,"Columbus Crew, SS Lazio, Palmeiras, Inter Milan"
William Jones,"Monaco, LA Galaxy"
Gonçalo Martinez,"Columbus Crew, Newcastle United, Crystal Palace"
Louis Bertrand,"Bayern Munich, Real Madrid, Atlanta United, Columbus Crew"
Cody Fischer,"VfL Wolfsburg, Parma"
Julian Wagner,"Genoa, Braga, Sevilla, VfL Wolfsburg"
Phil Garcia,Werder Bremen
William Colombo,"Strasbourg, Benfica, Mallorca, Villarreal"
Youssef Weber,Girona
Darwin Dubois,"Palmeiras, Braga, Atlanta United, Espanyol"
Luis Taylor,"Atalanta, Braga, Al-Hilal, Sheffield United, Sevilla"
Federico Santos,Fulham
Julian Laurent,VfL Wolfsburg
Gonçalo Thomas,"Girona, Norwich City, Brighton & Hove Albion"
Ethan Evans,"PSV Eindhoven, Nottingham Forest, Al-Nassr, Liverpool, RC Lens"
Adrian Greco,"São Paulo, Sheffield United, Newcastle United, Al-Ittihad, Girona"
Kwame Bertrand,PSV Eindhoven
Frenkie Meyer,"Al-Hilal, Sporting CP, Palmeiras, Valencia"
Igor Smith,Osasuna
Ethan Greco,"Villarreal, Everton, Las Palmas, Burnley"
Xavi Davies,"Juventus, Burnley, AZ Alkmaar, Borussia Mönchengladbach, Manchester United"
Elias Tchouaméni,"Atletico Madrid, Strasbourg, AZ Alkmaar, Manchester United"
Jan Fischer,Brighton & Hove Albion
Oliver Perez,"LA Galaxy, Girona, Boca Juniors, Udinese, Bournemouth"
Sven Alvarez,Brighton & Hove Albion
Dominik Bruno,"Wolverhampton, Al-Ittihad, Villarreal"
Thibaut Mainoo,SC Freiburg
Axel Moreau,Schalke 04
Marco Garnacho,"Cagliari, Villarreal, Al-Ahli, Real Madrid, AS Roma"
Bernardo Gomez,"Flamengo, Palmeiras, Real Betis, AZ Alkmaar"
Maximilian Williams,"Chelsea, Inter Milan, FC Porto, Norwich City, Real Madrid"
Iker Ramirez,"Borussia Mönchengladbach, Leicester City, Feyenoord"
Samuel Lopez,"Brentford, Inter Miami"
Giorgio Müller,"Inter Milan, Fulham, Santos, Schalke 04"
Gabriel Hoffmann,"Werder Bremen, Udinese, Bournemouth, Brighton & Hove Albion"
Bernardo Gonzales,"River Plate, Inter Miami, Chelsea"
Kevin Diaz,"Benfica, Sporting CP"
Elias De Bruyne,Bayern Munich
Declan Garcia,"Al-Ittihad, Benfica"
Adrian Santos,"Feyenoord, Crystal Palace"
Chidi Torres,"Strasbourg, Sunderland, Paris Saint-Germain, Fulham"
Nicolas Flores,"Rennes, São Paulo, Strasbourg, Barcelona"
Benjamin Davies,"Atalanta, LAFC, Braga, AS Roma"
Tiago Diaz,"Schalke 04, Tottenham Hotspur, Valencia, Santos, Atletico Madrid"
Bruno Hernandez,Osasuna
Elias Simon,"Al-Ittihad, Fiorentina"
Federico Jones,"Getafe, Nice, Chelsea, Tottenham Hotspur"
Hugo Greco,"Bournemouth, Borussia Mönchengladbach"
Sebastian Silva,Burnley
Daniel Wagner,"Al-Hilal, Santos, Palmeiras, Bayern Munich"
Rasmus Vasquez,"West Ham United, PSV Eindhoven"
Youssef Visser,"SS Lazio, Espanyol, Burnley, Strasbourg"
Rasmus Lopez,"Sheffield United, Al-Ettifaq, Eintracht Frankfurt, Strasbourg, Liverpool"
Gonçalo Simon,Lyon
Stefan Taylor,VfL Wolfsburg
Hugo Ricci,"RB Leipzig, Barcelona, Bayer Leverkusen, Palmeiras, Feyenoord"
Alexis Wilson,"Crystal Palace, Norwich City, Newcastle United"
Sven Williams,"Sporting CP, Chelsea"
Kenji Wilson,"Girona, Villarreal, Strasbourg, Flamengo"
Frenkie Garcia,LAFC
Liam Camavinga,"Leeds United, River Plate"
Mateo De Bruyne,"Newcastle United, Ipswich Town, Espanyol, Inter Miami, Torino"
Giorgio Ferrari,"Watford, Atlanta United, Braga, Valencia"
Miklós Flores,"Celta Vigo, Manchester City, Espanyol"
Eden Davies,"Barcelona, Ipswich Town, Bayern Munich, Nice"
Xavi Martinez,"West Ham United, Atletico Madrid, Strasbourg, Hellas Verona"
Paul Bruno,"Tottenham Hotspur, Hellas Verona, Inter Miami"
Jonas Colombo,"Watford, Villarreal, Southampton"
Lucas Garnacho,Osasuna
Samuel Flores,"Hellas Verona, AC Milan, Sunderland, Flamengo"
Bernardo Thomas,"RC Lens, Leeds United, Santos"
Ciro Bellingham,"Liverpool, SS Lazio"
Jakub Van Dijk,"Osasuna, Aston Villa, LA Galaxy, Napoli"
Dimitri Schmidt,"Parma, Nice, Barcelona"
Giorgio Alvarez,"Arsenal, AC Milan, Chelsea, Bayern Munich, LA Galaxy"
Luka Lopez,"VfL Wolfsburg, Juventus, Borussia Dortmund, São Paulo"
Hugo Roux,"Espanyol, Leicester City, Lyon, Columbus Crew"
Jakub Vasquez,"Real Betis, Espanyol, AZ Alkmaar"
Daniel Fernandez,"Sporting CP, Real Sociedad, Leeds United, Al-Nassr"
Frenkie Mainoo,"Brentford, Hellas Verona, Bayer Leverkusen, Palmeiras, Tottenham Hotspur"
Kevin Brown,"Feyenoord, Bayer Leverkusen, Al-Nassr"
William Silva,Inter Milan
Rasmus Esposito,"Brighton & Hove Albion, Real Betis, Napoli, Columbus Crew, Mallorca"
Martin Tchouaméni,"Santos, Athletic Bilbao, River Plate, Al-Ahli, Leicester City"
Declan Esposito,SC Freiburg
Luis Ricci,Newcastle United
Iker Ricci,"Ajax, Chelsea, Empoli, Burnley"
Gabriel Musiala,Lyon
Sandro Flores,"LAFC, Columbus Crew, Nice, Al-Ittihad"
Jan Thomas,"Cagliari, Mallorca, RB Leipzig"
Hiroshi Martinez,Fiorentina
Gonçalo Roux,"RB Leipzig, VfL Wolfsburg, Nottingham Forest, Bayern Munich"
Josko Camavinga,"Udinese, Ajax, Fiorentina"
Luis Hernandez,"Hellas Verona, Liverpool"
Sebastian Dubois,"Rayo Vallecano, Ipswich Town"
Hiroshi Flores,"Eintracht Frankfurt, Wolverhampton"
Bukayo Fernandez,"AC Milan, Al-Ahli, Schalke 04"
Adrian Van Dijk,"AC Milan, Torino, LAFC"
Benjamin Fernandez,"Stuttgart, AZ Alkmaar"
Lorenzo Bianchi,"Borussia Mönchengladbach, Paris Saint-Germain, Sporting CP"
Dominik Bellingham,"Hellas Verona, Real Madrid, Marseille, Southampton"
Chidi Jones,"Celta Vigo, Borussia Dortmund, Fiorentina"
Elias Colombo,"Hellas Verona, Sunderland, Ajax"
Arthur Camavinga,"Sheffield United, Burnley, Al-Nassr"
Rasmus Alvarez,"Espanyol, Newcastle United"
Pedri Brown,"Lyon, Al-Nassr"
Lucas Rossi,"West Ham United, Fiorentina, Udinese"
Sandro Smith,"Real Madrid, Nottingham Forest, Brentford, AS Roma, Eintracht Frankfurt"
Elias David,"Wolverhampton, Arsenal, LAFC"
Sandro Jansen,"AZ Alkmaar, Al-Nassr, Real Betis"
Cody Becker,"Sporting CP, West Ham United, São Paulo, Marseille, LA Galaxy"
Jan Bianchi,LA Galaxy
Nathan Garcia,"Braga, Lille"
Mateo Moreau,"Barcelona, Udinese, Cagliari, Liverpool, Valencia"
Ethan Taylor,"VfL Wolfsburg, Barcelona, River Plate, Palmeiras, Osasuna"
Maximilian Fernandez,Werder Bremen
Virgil Sanchez,"Juventus, Norwich City, Borussia Mönchengladbach, Sevilla, RC Lens"
Ethan Ricci,"West Ham United, Al-Ettifaq, Napoli, Fiorentina"
Iker Marino,Rayo Vallecano
Chidi Roux,"Liverpool, Atletico Madrid, LA Galaxy, Torino, LAFC"
Romelu Leroy,"Leeds United, LA Galaxy, Napoli"
Romelu Moreno,"Rennes, Liverpool, West Ham United, Athletic Bilbao, Real Madrid"
Giorgio Greco,Arsenal
Eden Weber,"Burnley, Lyon, Bayer Leverkusen, Al-Nassr"
Gianluigi Moreno,"Sheffield United, Genoa"
Xavi Garcia,"Nice, Real Madrid, Eintracht Frankfurt"
Nicolò Bertrand,"Brentford, Santos"
Alexander Alvarez,"Real Madrid, PSV Eindhoven, Bayern Munich"
Marco Wagner,"Burnley, Borussia Mönchengladbach, Al-Hilal, AZ Alkmaar"
Dimitri Rodriguez,Flamengo
Hiroshi Nieuwenhuis,Rennes
João De Jong,"Parma, Las Palmas, Feyenoord, Al-Ahli, Bayern Munich"
Rasmus Diaz,"SC Freiburg, LA Galaxy, Monaco"
Gabriel Fischer,"Nice, Everton"
Elias Rossi,"Al-Hilal, Tottenham Hotspur, Cagliari, Leeds United"
Liam Weber,"AC Milan, PSV Eindhoven, Cagliari"
Liam Becker,"VfL Wolfsburg, PSV Eindhoven, Ipswich Town"
Ivan Taylor,"Flamengo, Manchester City"
Alessandro Jones,"Valencia, Sevilla, Al-Ahli, São Paulo, Real Madrid"
Youssef Ricci,Werder Bremen
Lorenzo Colombo,"Aston Villa, Tottenham Hotspur"
Pedri De Bruyne,"Atalanta, Leeds United, Manchester United, Atletico Madrid"
Felix Jansen,"Norwich City, Santos"
Nicolò Smit,"Al-Ettifaq, Lille, Al-Ittihad, Columbus Crew, São Paulo"
Frenkie Perez,Southampton
Gabriel De Jong,"Real Sociedad, Al-Hilal, Empoli"
Samuel Leroy,"Stuttgart, Flamengo, Atalanta, Burnley, Al-Nassr"
Kofi Rodriguez,Barcelona
Adrian Rojas,"Real Sociedad, Southampton"
Jan Vasquez,Napoli
Rasmus Flores,Bournemouth
Nathan Lefebvre,Watford
Nicolas Lopez,"Paris Saint-Germain, Everton, Bayern Munich, Nottingham Forest, Girona"
Noah Hernandez,"Sporting CP, Aston Villa, Columbus Crew"
Hugo Diaz,"Athletic Bilbao, Paris Saint-Germain, Watford, Sheffield United, Sporting CP"
Gonçalo Rodriguez,West Ham United
Hiroshi Romano,"Leeds United, RB Leipzig, Boca Juniors"
Luka Garnacho,Manchester City
Lorenzo Santos,"Atletico Madrid, Al-Ettifaq, Norwich City, Rayo Vallecano, Sunderland"
Hugo Evans,"Al-Nassr, Bayern Munich, Empoli, Al-Ittihad, Paris Saint-Germain"
Lukas Leroy,Sheffield United
Diogo Greco,"Atletico Madrid, SC Freiburg, Celta Vigo, SS Lazio"
David Rossi,Bayer Leverkusen
David Visser,"Eintracht Frankfurt, Flamengo"
João Wagner,"Inter Miami, Chelsea, Leicester City, Valencia, Eintracht Frankfurt"
David Bruno,"Hellas Verona, Rennes, LAFC"
Chidi Leroy,"Lille, SS Lazio"
Kwame Michel,"Fulham, São Paulo"
Cody Marino,"Aston Villa, Braga"
Thibaut Leroy,"FC Porto, Braga, Leicester City, Nottingham Forest, West Ham United"
Thibaut Moreau,"Manchester United, LAFC, Sunderland, Fulham, Empoli"
Maximilian Bianchi,"Rennes, AS Roma"
Marco Roberts,"Inter Miami, Eintracht Frankfurt, Osasuna, Flamengo"
Lorenzo Weber,"Cagliari, Bayern Munich, Sporting CP, RC Lens"
Nicolas Diaz,"Borussia Mönchengladbach, Eintracht Frankfurt, Celta Vigo"
Bukayo Moreno,Manchester City
Liam Hernandez,"Braga, Brentford, Burnley, Genoa"
Mikel Ferrari,"Real Madrid, Ajax"
Oliver Visser,"Santos, Bayer Leverkusen, Watford, Real Betis"
Alexis Nieuwenhuis,"RB Leipzig, Las Palmas, Schalke 04, Atalanta"
Sandro Tchouaméni,Flamengo
Lucas Lefebvre,Inter Milan
Gavi Leroy,"Brighton & Hove Albion, Burnley, Lyon, FC Porto"
Kofi Jones,"Parma, Tottenham Hotspur, Real Sociedad, Al-Ettifaq"
Iker De Bruyne,Marseille
Luis De Bruyne,"Al-Ahli, Schalke 04, Monaco, Bayern Munich, Lyon"
Arthur Jansen,Juventus
Amir Nieuwenhuis,"Genoa, Strasbourg, Braga, Cagliari, Palmeiras"
Kenji Ferrari,Brentford
Giorgio Garcia,"Empoli, Bologna"
Lorenzo Rodriguez,"Genoa, Manchester City, Napoli"
Gonçalo Colombo,"Bologna, Everton, FC Porto, Getafe"
Dimitri Müller,"Paris Saint-Germain, Leicester City, Al-Hilal"
David Bianchi,"Bournemouth, Werder Bremen"
Tiago Lopez,"FC Porto, Napoli, Marseille, SC Freiburg"
Romelu Weber,Al-Ittihad
Cody Fernandez,"Genoa, Monaco, Inter Milan"
Tiago Mainoo,Borussia Mönchengladbach
Hugo Wilson,"Eintracht Frankfurt, RB Leipzig, Flamengo"
Dominik Bianchi,"Strasbourg, Real Madrid"
João Lefebvre,"Eintracht Frankfurt, PSV Eindhoven"
Oliver Camavinga,"Rayo Vallecano, Las Palmas"
Liam Schulz,"AS Roma, São Paulo, Barcelona, Ajax, Atlanta United"
Giorgio Bianchi,"Fulham, Marseille, São Paulo"
Dominik Van Dijk,"Athletic Bilbao, Bologna, Santos, Ipswich Town"
Darwin Schulz,"São Paulo, Real Madrid, Parma, FC Porto, Schalke 04"
Rafael Davies,"AS Roma, Girona, Ajax, SC Freiburg"
Frenkie Bellingham,"Bournemouth, Feyenoord"
Mateo Brown,"Eintracht Frankfurt, Atletico Madrid, FC Porto, Atlanta United, Bayer Leverkusen"
Mateo Davies,"Bayer Leverkusen, West Ham United, Espanyol"
Axel Laurent,"Fulham, PSV Eindhoven, Athletic Bilbao"
Kenji Smith,"Al-Ahli, Rennes, Espanyol"
Kevin Müller,Wolverhampton
Jonas Rodriguez,"São Paulo, Real Sociedad"
Memphis De Bruyne,"Parma, Napoli, AZ Alkmaar, Brighton & Hove Albion, Watford"
Arthur Weber,"Brentford, Las Palmas"
Paul Garcia,"River Plate, Bournemouth, Everton, Leicester City"
Rafael Schulz,SS Lazio
João Sanchez,"Inter Miami, Tottenham Hotspur, Espanyol, Newcastle United"
Ciro Jansen,Stuttgart
Dominik Smit,"Eintracht Frankfurt, Liverpool, Espanyol"
Alessandro Diaz,"Villarreal, Nice, LAFC"
Dries Evans,"Manchester United, Burnley"
Jakub Meyer,"SS Lazio, Girona, Paris Saint-Germain, Everton"
Dries Van Dijk,"Osasuna, River Plate"
Elias Ricci,"Al-Ettifaq, Fiorentina, Real Sociedad, Bournemouth"
Gabriel Lopez,Al-Hilal
Dominik Müller,"Lille, Inter Milan, Real Sociedad"
William Ricci,Werder Bremen
Iker Santos,"Girona, Real Madrid, Liverpool, Columbus Crew"
Jan Smith,"Feyenoord, Sevilla, Palmeiras, AZ Alkmaar"
Eden Lopez,"Leicester City, Boca Juniors, Borussia Mönchengladbach"
Cody Laurent,"Al-Ettifaq, Napoli, Manchester City"
Arthur Fischer,"Fulham, Cagliari, AC Milan, RC Lens, LA Galaxy"
Frenkie Rodriguez,AZ Alkmaar
Bukayo Leroy,"Arsenal, AS Roma"
Maximilian Hoffmann,"Monaco, Leicester City, Newcastle United"
Arthur Schmidt,"Al-Ettifaq, Palmeiras, Benfica, Flamengo, Southampton"
Alessandro Laurent,"Udinese, Borussia Dortmund, LAFC"
Samuel Fischer,"Al-Ahli, Paris Saint-Germain"
Tiago Wagner,"Leicester City, AC Milan"
Thibaut Greco,"Barcelona, Bournemouth, Lyon, AZ Alkmaar, Strasbourg"
Bukayo Roberts,Bayer Leverkusen
Maximilian Fischer,"Crystal Palace, AS Roma"
Declan Michel,"Las Palmas, Wolverhampton, Liverpool, Fiorentina, Sunderland"
Gianluigi Diaz,Al-Ettifaq
Dominik Lefebvre,"Braga, Eintracht Frankfurt, Nottingham Forest, Barcelona"
Youssef Wagner,"Genoa, Southampton, Parma, Athletic Bilbao"
Alessandro Evans,"LA Galaxy, Braga, Norwich City"
Romelu Brown,"Santos, West Ham United, Brentford, Real Betis"
Amir Müller,"Udinese, Getafe, Fiorentina, Nice, Al-Ahli"
Gabriel David,Aston Villa
Phil Evans,"Al-Nassr, Napoli, LAFC, Rennes"
Igor Perez,Lyon
Cody Colombo,"Sporting CP, São Paulo, Rennes, Al-Nassr, Atlanta United"
Noah Silva,"RB Leipzig, Ajax, Genoa"
Kofi Dubois,"Southampton, Lyon, Chelsea"
Lorenzo Williams,"Sunderland, RB Leipzig, Eintracht Frankfurt"
Bernardo Bertrand,"Liverpool, Sevilla"
Elias Fischer,Sevilla
Noah Vasquez,"Osasuna, Atlanta United, Empoli, Parma"
Kenji Fischer,"Flamengo, Las Palmas, Stuttgart, Sevilla, Parma"
Louis Rossi,"Flamengo, Wolverhampton, Lyon, FC Porto"
William Leroy,Norwich City
Miklós Brown,Bayern Munich
Amir Smith,"Parma, Newcastle United, Eintracht Frankfurt, Chelsea"
Nicolò De Bruyne,"Eintracht Frankfurt, Newcastle United, Inter Miami, West Ham United"
Marco Romano,Athletic Bilbao
Kenji Brown,"Atlanta United, SC Freiburg"
Youssef Garnacho,"Atletico Madrid, Nice, Arsenal, VfL Wolfsburg, Palmeiras"
Ciro Brown,"Ipswich Town, Getafe, Palmeiras, Eintracht Frankfurt"
Bruno Rodriguez,"Al-Ahli, Nottingham Forest, Juventus"
Pedri Ramirez,"Wolverhampton, Brentford, Leicester City"
Frenkie De Jong,"Feyenoord, Mallorca, Rennes, FC Porto"
Tiago Garnacho,"Atletico Madrid, Crystal Palace"
Gabriel Wagner,"São Paulo, Everton, Atlanta United"
Mikel Greco,AS Roma
Stefan Moreau,Bournemouth
Kenji Alvarez,Real Madrid
Xavi Lefebvre,"Al-Ahli, RC Lens, Southampton"
Diogo Torres,"SC Freiburg, Watford, Borussia Mönchengladbach"
Gianluigi Michel,Columbus Crew
Dries Marino,"Sheffield United, Parma, Feyenoord, Napoli, Liverpool"
Noah Bakker,"Bayer Leverkusen, Braga, Barcelona"
Sven Smit,"Leicester City, Real Betis, Bayer Leverkusen, Parma, São Paulo"
Nathan Schulz,"Southampton, Al-Ahli"
Kofi Schmidt,"Napoli, Real Betis, Marseille, Crystal Palace, Lille"
Oliver Garcia,"Manchester United, SC Freiburg, Napoli, SS Lazio, Manchester City"
Igor Colombo,"Nice, Leicester City, Palmeiras"
Luka Fernandez,LAFC
Alexis Bertrand,"River Plate, Sheffield United"
Sebastian Simon,"Sevilla, Paris Saint-Germain, Inter Miami"
Frenkie Roux,"Las Palmas, Atalanta, Sheffield United, Atletico Madrid, Leicester City"
Mikel Fischer,Parma
Alexander Dubois,Aston Villa
Louis De Jong,"Al-Hilal, AS Roma, FC Porto, Atlanta United"
Mikel De Bruyne,"Ajax, Strasbourg, Empoli"
Rasmus Dubois,"Liverpool, Southampton, Tottenham Hotspur"
Julian Taylor,Bournemouth
Jan De Jong,"Benfica, Espanyol"
Axel Camavinga,"Liverpool, Real Madrid"
Memphis Rojas,"Napoli, Bournemouth, Newcastle United, Sunderland"
Felix Leroy,"Bayern Munich, Bournemouth, Udinese, Nice"
Dimitri Davies,"Marseille, Juventus, Crystal Palace"
Bruno Santos,Feyenoord
Axel Simon,"LAFC, Nice, Rennes, LA Galaxy"
Federico Becker,Borussia Mönchengladbach
Ivan De Bruyne,"Al-Ettifaq, Everton"
Dominik Fernandez,"Monaco, Sevilla, Lille, Fulham"
Cody Flores,"Ajax, AZ Alkmaar, Bologna, Udinese"
Axel Fernandez,"Rayo Vallecano, Inter Miami"
Jonas Van Dijk,"Torino, Celta Vigo, RB Leipzig"
Filip Bianchi,"Al-Ettifaq, FC Porto, Bayer Leverkusen, Southampton, Real Betis"
Cody Smith,"Athletic Bilbao, Rayo Vallecano, Al-Hilal, Atlanta United, Liverpool"
Dominik De Jong,"Burnley, Watford"
Hugo Simon,"Real Madrid, Espanyol, Athletic Bilbao, Lyon"
Liam Fernandez,"Las Palmas, Cagliari, Braga"
Arthur Williams,"Brighton & Hove Albion, Fulham, Atalanta, Parma, Newcastle United"
Declan Roberts,Lyon
Diogo Garcia,"Mallorca, Wolverhampton, Al-Hilal, SC Freiburg, RC Lens"
Liam Leroy,"Columbus Crew, Newcastle United, Manchester United, River Plate"
Martin Ramirez,"Chelsea, RB Leipzig, Manchester United, Sunderland, Feyenoord"
Marco Wilson,"Leeds United, LA Galaxy, Real Betis"
Jan Jansen,"LA Galaxy, Manchester City, Wolverhampton, AZ Alkmaar"
João Esposito,"Nottingham Forest, Watford"
Kenji Jansen,"Leicester City, Mallorca"
Pedri Simon,"Feyenoord, Sporting CP, Getafe"
Felix Smit,"River Plate, Celta Vigo, Tottenham Hotspur, São Paulo"
Dries Laurent,"Hellas Verona, Stuttgart, Santos, Al-Ahli"
João Rodriguez,"West Ham United, Palmeiras, Aston Villa, Al-Ettifaq"
Mateo Hernandez,Atalanta
Rafael Moreau,"Parma, Everton"
Thibaut Lopez,"Monaco, Everton"
Bukayo Visser,"AC Milan, AS Roma, Al-Ahli"
Rafael Romano,Osasuna
Dominik Rojas,"Udinese, AZ Alkmaar, Athletic Bilbao, Schalke 04"
Declan Leroy,"River Plate, Benfica, AS Roma"
Maximilian Schulz,Brighton & Hove Albion
Josko Esposito,"Inter Miami, LAFC, Southampton, Stuttgart"
Jakub Sanchez,"Lille, Real Sociedad, Stuttgart, Atalanta, Columbus Crew"
William Smith,Brentford
Dries Jansen,LA Galaxy
Diogo Diaz,Columbus Crew
Darwin Diaz,"Real Madrid, Monaco, LAFC, Arsenal"
Frenkie Bianchi,"Atlanta United, Nice"
Gianluigi Camavinga,"Celta Vigo, Bologna, Real Madrid, Rayo Vallecano, Sporting CP"
Ciro Moreno,"Stuttgart, LAFC, Getafe, Manchester United"
Tiago Visser,"Norwich City, Boca Juniors, Empoli, Hellas Verona, Manchester City"
Elias Michel,"Leicester City, Liverpool, Everton, Napoli"
Jakub Roux,Fiorentina
Luis Smit,"Paris Saint-Germain, Lyon, Stuttgart, Boca Juniors"
Thibaut Fischer,"Eintracht Frankfurt, PSV Eindhoven, Napoli, Torino, Al-Hilal"
Luka Vasquez,"Al-Ettifaq, Hellas Verona, Southampton, Al-Nassr"
Ivan Smit,Al-Hilal
Jakub David,"Brighton & Hove Albion, Atlanta United, Leeds United, Lyon"
Mikel Laurent,Nottingham Forest
Pedri Mainoo,"Chelsea, Stuttgart, Wolverhampton"
Marco Marino,"Fiorentina, Real Madrid, Real Betis"
Elias Rojas,"AC Milan, Crystal Palace, Real Sociedad, Rayo Vallecano, Atletico Madrid"
Lukas De Bruyne,Nottingham Forest
Federico Romano,Chelsea
Romelu De Jong,"Real Sociedad, Marseille, Udinese, Atalanta, River Plate"
Gavi Van Dijk,"Southampton, Flamengo, Tottenham Hotspur, RB Leipzig, PSV Eindhoven"
Dominik Roux,"LA Galaxy, Valencia"
Daniel Laurent,"Celta Vigo, Juventus, Atalanta, Schalke 04"
Noah Leroy,"AZ Alkmaar, Liverpool, Sunderland"
Mateo Mainoo,"Lyon, AZ Alkmaar, Nottingham Forest"
Sebastian Taylor,"Schalke 04, Monaco, Columbus Crew, Crystal Palace, Marseille"
Mateo Taylor,"RB Leipzig, Bournemouth, Nottingham Forest, FC Porto"
Lorenzo Leroy,Werder Bremen
Kevin Garcia,"Bournemouth, Atalanta, Parma, Sheffield United"
Dominik Rossi,"Girona, Liverpool, Newcastle United, Manchester City"
Sandro Jones,"West Ham United, Sheffield United, Girona"
Daniel Alvarez,"SS Lazio, Braga, Sunderland"
Ethan Ferrari,"Brentford, Al-Ettifaq"
Ethan Schulz,"Manchester City, Sevilla, West Ham United, SS Lazio"
Tiago Fischer,"Nottingham Forest, Crystal Palace, Watford, Espanyol"
Alessandro Müller,"SC Freiburg, Columbus Crew, RB Leipzig, Inter Milan"
David Weber,Sevilla
Memphis Bellingham,"Fulham, Borussia Dortmund, Brentford, SS Lazio"
William Roberts,Mallorca
Federico Torres,"Flamengo, Lyon"
Kofi Garnacho,"Udinese, Leicester City, PSV Eindhoven, RB Leipzig"
Louis Schmidt,"Napoli, Lyon, Udinese, Chelsea, Arsenal"
Memphis Becker,"Arsenal, Everton"
Nathan Weber,"Girona, Al-Ahli, Genoa, Bologna, Feyenoord"
Kenji Garcia,"LAFC, Werder Bremen"
Gianluigi Hernandez,"Liverpool, Juventus, Al-Ittihad"
Marco Moreno,"Osasuna, Parma, Athletic Bilbao, Strasbourg, RB Leipzig"
Rafael Bianchi,"Columbus Crew, Al-Nassr, Udinese"
Youssef Schmidt,"Atalanta, Athletic Bilbao, Hellas Verona"
Alessandro Esposito,Al-Hilal
Samuel Silva,"Bayern Munich, Arsenal, Aston Villa, Braga, Burnley"
Eden Musiala,"Flamengo, Juventus, Werder Bremen, Leicester City"
Darwin Perez,"Brentford, Sporting CP, Torino, Braga, Nottingham Forest"
Alessandro Colombo,"Burnley, Palmeiras, Al-Ittihad, Aston Villa"
Marco Bertrand,"Norwich City, Torino, Aston Villa"
Filip Fernandez,"Al-Ahli, Al-Nassr, Cagliari"
Jonas Sanchez,"Feyenoord, Real Madrid, Al-Ettifaq, Barcelona, Celta Vigo"
Sven Ricci,Osasuna
Alexander Davies,"Newcastle United, Osasuna, Marseille, RB Leipzig"
Federico Taylor,"Braga, Al-Ahli, RC Lens, Marseille, Burnley"
Benjamin Vasquez,Southampton
Amir Garnacho,"Stuttgart, LA Galaxy"
Hiroshi Taylor,Al-Hilal
Phil Musiala,"Arsenal, Napoli, AZ Alkmaar, Braga"
Darwin Martinez,"Parma, SS Lazio, Osasuna"
Marco Visser,"Eintracht Frankfurt, Empoli, Stuttgart, Flamengo"
Noah Thomas,Osasuna
Jonas Esposito,Monaco
Rasmus Michel,Getafe
Maximilian Jones,"Real Sociedad, Fulham, Feyenoord"
Bukayo Torres,Borussia Dortmund
Axel Rodriguez,"São Paulo, Feyenoord, Villarreal, Girona, Getafe"
Nicolas Van Dijk,"Atalanta, Crystal Palace"
Bruno Visser,"Ipswich Town, Boca Juniors"
Alessandro Leroy,Feyenoord
Virgil Diaz,Everton
Lucas Greco,"Al-Hilal, Fulham, River Plate"
Adrian Gonzales,"Everton, Real Madrid, Strasbourg, Feyenoord"
Axel Hernandez,Braga
Hugo Laurent,"Rennes, River Plate"
Alexis Santos,"Inter Milan, Bayer Leverkusen, Santos, Napoli"
Frenkie Visser,"Paris Saint-Germain, Norwich City, Manchester United"
Alessandro Hernandez,"Santos, Norwich City, Monaco, Southampton, PSV Eindhoven"
Ivan Schneider,"AC Milan, Borussia Dortmund, Inter Miami"
Lukas Schmidt,"São Paulo, Chelsea"
Ethan Vasquez,"Nice, Parma, SC Freiburg"
Darwin Colombo,"Nice, Schalke 04, Boca Juniors"
Cody Hoffmann,"Atalanta, Real Betis, Fiorentina, Aston Villa, Stuttgart"
Ethan Müller,"Lyon, Crystal Palace, Napoli, Bologna, Watford"
Maximilian Davies,Atalanta
Rasmus Bertrand,"Al-Hilal, Villarreal, Nice, Marseille, Strasbourg"
Kofi Simon,"Leeds United, Manchester United, Hellas Verona"
Noah Nieuwenhuis,"Arsenal, PSV Eindhoven"
Filip Roberts,"Ajax, Atletico Madrid, Espanyol, Borussia Dortmund"
Bruno Greco,"AS Roma, Sheffield United"
Alexander Ricci,Ipswich Town
Diogo Rodriguez,"Newcastle United, West Ham United, Real Betis, Torino, Norwich City"
Bukayo Ricci,Brentford
Kenji Williams,"Las Palmas, Inter Miami"
Paul Bianchi,"Getafe, Burnley, Watford, Bournemouth, Las Palmas"
Hugo Fernandez,"Genoa, Benfica"
Jan Hoffmann,"Espanyol, Fiorentina, FC Porto, Sunderland"
Benjamin Diaz,"Southampton, Santos"
Jonas Taylor,"Genoa, Al-Hilal, Fiorentina, Sevilla, Rennes"
Dries Schmidt,Flamengo
Martin Taylor,"Real Betis, Santos, Wolverhampton, Valencia, Getafe"
Liam Meyer,"SC Freiburg, Nice"
Xavi Wilson,River Plate
Cody Hernandez,"SC Freiburg, Inter Milan"
Gabriel Bakker,"Eintracht Frankfurt, Stuttgart, Bayer Leverkusen"
Paul Ferrari,"VfL Wolfsburg, Al-Hilal, Borussia Dortmund"
Youssef Moreau,"Benfica, Brighton & Hove Albion, Athletic Bilbao, Barcelona, Watford"
Virgil Müller,"Atletico Madrid, Real Sociedad, Napoli, Genoa"
Pedri Schneider,"Leicester City, Tottenham Hotspur, Columbus Crew, Real Betis, Torino"
Mateo Colombo,"Nice, Chelsea"
Memphis Bakker,"Atalanta, Napoli, Udinese, Bayer Leverkusen, Parma"
Eden Marino,"Sevilla, Mallorca, Genoa, Brentford"
Paul Leroy,"Las Palmas, AZ Alkmaar"
Oliver Colombo,Real Betis
Luka Bakker,"AZ Alkmaar, Leicester City, River Plate, Osasuna, Celta Vigo"
Oliver Ricci,Schalke 04
Maximilian Esposito,"Braga, Villarreal"
Igor Schulz,"Norwich City, Al-Nassr, RC Lens"
Samuel Tchouaméni,"Aston Villa, Palmeiras, Real Madrid"
Kenji Romano,"AS Roma, Nice, Columbus Crew, Benfica"
Julian Van Dijk,"Flamengo, Wolverhampton, Juventus, Celta Vigo, Inter Miami"
Jan Van Dijk,"Stuttgart, Paris Saint-Germain"
Memphis Bianchi,Sevilla
Jonas Michel,"Athletic Bilbao, Torino, Udinese, Lyon"
Mateo Marino,"Monaco, Southampton"
Chidi Santos,"FC Porto, Cagliari, Atalanta, Barcelona"
Romelu Michel,"Flamengo, Boca Juniors, Al-Hilal, Werder Bremen"
Kofi Ferrari,"Bournemouth, Marseille, River Plate, Brighton & Hove Albion, Tottenham Hotspur"
Felix Esposito,"Feyenoord, São Paulo, RC Lens, Monaco, Juventus"
Gavi Wilson,"Fulham, Werder Bremen, Inter Milan, Norwich City"
Cody Ramirez,"Marseille, Udinese, PSV Eindhoven"
Kofi Sanchez,"Manchester United, Braga"
Federico Williams,Al-Hilal
Maximilian Hernandez,"Rayo Vallecano, Athletic Bilbao, Celta Vigo, Real Betis"
Alexis Smit,Hellas Verona
Mateo Santos,"Valencia, SS Lazio"
Thibaut Smith,Southampton
Josko Simon,"Atlanta United, Fulham, Inter Milan, Athletic Bilbao"
Adrian Wilson,"Parma, Al-Nassr, Sporting CP"
Chidi Davies,"Al-Ettifaq, Al-Ahli, Hellas Verona, Osasuna, Watford"
Alexander Rojas,"Fulham, AS Roma, RC Lens, Getafe"
Gianluigi De Bruyne,"Bayer Leverkusen, Monaco, Chelsea, LAFC"
Gonçalo Schulz,"Strasbourg, Burnley, AC Milan, Getafe"
Paul Lefebvre,"Inter Milan, FC Porto, Sheffield United, Al-Ittihad"
Stefan Smith,"Feyenoord, Werder Bremen, Real Betis"
Dominik Hernandez,"Eintracht Frankfurt, SS Lazio"
Federico Diaz,"Ipswich Town, Columbus Crew, Manchester United"
Luka Ferrari,"Udinese, Sunderland, Girona, Athletic Bilbao"
Luka Garcia,"Brentford, Ipswich Town, PSV Eindhoven, Al-Hilal"
Luis Bertrand,"Atalanta, Atlanta United, AS Roma, Norwich City"
Julian Schneider,Al-Nassr
Samuel Ferrari,"Borussia Mönchengladbach, Bayer Leverkusen, Fulham, Leicester City"
Cody Meyer,"Sunderland, Bournemouth"
Mikel Torres,"Real Betis, Nottingham Forest"
Josko Dubois,"Ipswich Town, Sporting CP"
Julian Weber,"Torino, Cagliari"
Paul Evans,Braga
William Visser,Inter Milan
Rasmus Hoffmann,"Crystal Palace, Rennes, Arsenal, Palmeiras"
Gavi Davies,"Fiorentina, Espanyol"
Maximilian Sanchez,AC Milan
Bernardo Taylor,Barcelona
Hugo Jones,"Chelsea, AC Milan"
Ivan Ramirez,"Valencia, Lyon, Feyenoord"
Jonas Wilson,"Juventus, Napoli, Nottingham Forest, Celta Vigo, Atletico Madrid"
Nicolas Colombo,"Burnley, Aston Villa, AS Roma"
Darwin Rossi,Inter Milan
Alexis Meyer,"Fiorentina, Chelsea, Fulham, Atletico Madrid, SS Lazio"
Kofi Nieuwenhuis,Al-Ettifaq
Josko Garnacho,"Girona, Manchester City"
Bukayo Bruno,"Villarreal, Burnley"
William Rossi,"Fulham, Villarreal, Bournemouth, RC Lens"
Lorenzo Roux,"SC Freiburg, PSV Eindhoven, LAFC, Celta Vigo"
Luka Santos,"Bournemouth, Strasbourg"
Marco Hoffmann,"LAFC, Napoli"
Pedri Nieuwenhuis,"Watford, Wolverhampton, Genoa"
Jan Lopez,"Inter Miami, Rennes"
Jan Esposito,"Osasuna, Sevilla"
Gabriel Garcia,"Santos, AC Milan, AZ Alkmaar, Rayo Vallecano, Columbus Crew"
Bruno Bianchi,"Athletic Bilbao, Schalke 04"
Phil Thomas,"Genoa, Stuttgart, Valencia, Sheffield United, Torino"
Bukayo Silva,Borussia Mönchengladbach
Benjamin Taylor,PSV Eindhoven
Elias Wilson,"Liverpool, Burnley"
Jan Müller,"Leicester City, Napoli, Inter Miami, Bayer Leverkusen, Real Sociedad"
Louis Davies,"Napoli, Burnley"
Mikel Schmidt,"Rayo Vallecano, Monaco, Udinese"
William Davies,"River Plate, Borussia Dortmund, Leicester City"
João Dubois,"Sunderland, Bayern Munich, Torino, Napoli"
Felix De Jong,Flamengo
Gavi Michel,Flamengo
Paul Schneider,"Bayer Leverkusen, Real Sociedad, Hellas Verona, Rayo Vallecano"
Gavi Musiala,"Borussia Dortmund, Ipswich Town, Villarreal, Tottenham Hotspur, Al-Ettifaq"
Cody Davies,"Norwich City, Arsenal"
Julian Jansen,"Borussia Mönchengladbach, AS Roma, AC Milan"
Thibaut Marino,"Borussia Mönchengladbach, Real Sociedad, AZ Alkmaar, Paris Saint-Germain"
Oliver Laurent,Nottingham Forest
Iker Garnacho,"Norwich City, Flamengo"
Axel Schneider,"SC Freiburg, Al-Nassr, Borussia Mönchengladbach"
William Marino,Benfica
Nathan Lopez,"Feyenoord, Al-Nassr, Braga"
Amir David,"Girona, Getafe"
Mikel Smith,Newcastle United
Daniel Bruno,"Al-Nassr, Paris Saint-Germain, Leicester City, Stuttgart"
Louis Michel,"Al-Hilal, Real Madrid, RB Leipzig"
Josko Greco,"Real Sociedad, LA Galaxy, SS Lazio, Columbus Crew, Liverpool"
Gonçalo Rojas,"Atlanta United, Athletic Bilbao, Juventus"
Chidi Silva,"Borussia Mönchengladbach, Arsenal"
Romelu Smit,"Benfica, Rayo Vallecano, LA Galaxy, Parma"
Samuel Davies,"Sheffield United, RB Leipzig, Newcastle United, Udinese"
Gianluigi Evans,"Watford, Everton"
Lukas Taylor,"SS Lazio, Torino, Feyenoord"
Declan Ramirez,"Leicester City, Real Betis"
Sebastian Greco,Osasuna
Mateo Müller,"Borussia Mönchengladbach, Braga, Flamengo, Manchester City"
Julian Gonzales,"Columbus Crew, Arsenal, Sporting CP"
Lorenzo Garcia,Atletico Madrid
Mateo Silva,"RC Lens, Stuttgart, Flamengo, Mallorca"
Xavi Van Dijk,"RC Lens, Napoli, Atalanta"
João Moreau,"Strasbourg, Everton, Cagliari, Villarreal"
Hugo Silva,"Al-Ittihad, AS Roma, Inter Miami, Tottenham Hotspur"
Dimitri Marino,"Ajax, Al-Ahli, FC Porto, Bayern Munich"
Ivan Laurent,"Arsenal, PSV Eindhoven"
Tiago Fernandez,"Chelsea, LAFC, Valencia"
Luis Leroy,"RC Lens, Borussia Mönchengladbach"
Kevin Gomez,"Napoli, Bayern Munich, FC Porto"
Hugo Bruno,"RC Lens, Norwich City, Al-Ettifaq"
Lucas Vasquez,"Santos, Liverpool, Real Madrid, Braga"
Louis Roux,Borussia Dortmund
Alexis Tchouaméni,"Getafe, Atletico Madrid"
Louis Sanchez,Parma
Mateo Smith,"Inter Milan, Palmeiras, Osasuna"
Filip Schneider,"Sporting CP, Nottingham Forest, Tottenham Hotspur, Werder Bremen"
William De Bruyne,Santos
Darwin Musiala,"Celta Vigo, Barcelona, Las Palmas, Newcastle United"
Kwame Sanchez,Liverpool
David Mainoo,"Southampton, Sevilla, Genoa"
Ciro Silva,"Everton, Paris Saint-Germain, Werder Bremen"
Dries Rossi,"São Paulo, Braga, Santos"
Adrian Visser,"Paris Saint-Germain, Barcelona, Manchester United, Juventus, Aston Villa"
Josko David,"West Ham United, Real Betis, Barcelona"
Sven David,"Rennes, Rayo Vallecano"
Elias Lopez,"Sevilla, Real Sociedad, RB Leipzig, Al-Hilal, Nottingham Forest"
Hiroshi Mainoo,"Feyenoord, Atletico Madrid, Eintracht Frankfurt, Real Betis"
Gavi Gonzales,"Wolverhampton, Al-Ettifaq, Athletic Bilbao"
Filip Martinez,"Borussia Mönchengladbach, LA Galaxy"
Thibaut Schulz,"Bournemouth, Lille"
Gonçalo Dubois,"Ipswich Town, VfL Wolfsburg, LA Galaxy, Rayo Vallecano"
Kenji Taylor,"Juventus, Manchester City, Southampton, Valencia, Columbus Crew"
Lorenzo Martinez,"Hellas Verona, Benfica, Leeds United"
Kwame Rojas,"Atletico Madrid, São Paulo"
Maximilian Santos,"Inter Miami, Monaco, Manchester United"
Luis Rojas,"Napoli, Braga, Sunderland, Everton"
Cody Williams,Nottingham Forest
Ivan Bianchi,"Parma, Wolverhampton, Feyenoord, Inter Miami, AS Roma"
Dimitri Lopez,Espanyol
Thibaut De Bruyne,"Al-Hilal, Rennes, Burnley"
Memphis Greco,"Feyenoord, Benfica, Torino"
Pedri Santos,Newcastle United
Sebastian Diaz,"AZ Alkmaar, Sporting CP, SC Freiburg, Barcelona"
Ciro De Jong,"Al-Hilal, Atlanta United, Manchester City"
Giorgio Brown,"Borussia Dortmund, AZ Alkmaar, Al-Ittihad, Parma"
Kofi Mainoo,"Manchester City, Valencia"
Benjamin Camavinga,"AS Roma, Al-Ittihad"
Dominik De Bruyne,Stuttgart
Lorenzo Camavinga,Columbus Crew
Jan Diaz,"Rennes, Al-Hilal"
Lukas Silva,"Udinese, São Paulo, Sevilla, Nottingham Forest, Chelsea"
Adrian Mainoo,"Benfica, Leeds United"
Daniel Musiala,"Columbus Crew, Brighton & Hove Albion, Leicester City"
Marco Jansen,"Empoli, Schalke 04, Sunderland"
Dimitri Schulz,Stuttgart
Kwame Camavinga,"Tottenham Hotspur, Monaco, Borussia Mönchengladbach, Al-Hilal"
Rafael Visser,"RC Lens, Werder Bremen, SC Freiburg"
Jan Torres,Espanyol
Lucas Taylor,"Real Madrid, Atletico Madrid"
Samuel Bellingham,"Paris Saint-Germain, Cagliari"
Hiroshi Vasquez,"Napoli, Ipswich Town, Lille, Girona, Las Palmas"
Gavi Smith,"Hellas Verona, Leicester City, Girona, Braga"
Dries Rojas,"Athletic Bilbao, Ipswich Town, Feyenoord, LA Galaxy, Mallorca"
William Taylor,"Marseille, FC Porto, AZ Alkmaar"
Ivan Smith,"Wolverhampton, Sevilla, River Plate, Parma"
Gavi Rodriguez,"Getafe, Ipswich Town, Mallorca, Nottingham Forest, Werder Bremen"
Eden Hernandez,"PSV Eindhoven, Liverpool, Empoli"
Elias Thomas,"Aston Villa, Manchester City, Genoa"
Filip Greco,River Plate
Giorgio De Bruyne,VfL Wolfsburg
Gonçalo Mainoo,"Lille, Mallorca, RC Lens"
Hugo Martinez,"Sevilla, Columbus Crew"
Federico Moreau,"Paris Saint-Germain, Southampton, Las Palmas, Aston Villa"
Phil Bakker,"FC Porto, Southampton"
Elias Greco,"LAFC, Mallorca, Crystal Palace, Inter Miami, PSV Eindhoven"
Pedri Schmidt,"AC Milan, Al-Nassr, Hellas Verona, Sheffield United, Torino"
Diogo Bertrand,"Rayo Vallecano, Osasuna, Napoli, Stuttgart, Al-Ettifaq"
Miklós Hoffmann,Real Sociedad
Eden Rossi,PSV Eindhoven
Sebastian Perez,"Liverpool, Sunderland"
Ciro Gonzales,Atlanta United
Kenji Bellingham,"Aston Villa, Napoli, Braga, SC Freiburg"
Samuel De Jong,"SC Freiburg, Al-Ahli, Braga, Werder Bremen"
Marco Moreau,Strasbourg
Jonas Silva,"Al-Ittihad, Werder Bremen, Atlanta United, Bologna"
Mikel Roux,"Braga, Flamengo"
Paul Perez,"Tottenham Hotspur, SC Freiburg, Cagliari"
Liam Michel,"Genoa, Sunderland, Fiorentina, Newcastle United"
Bernardo Schmidt,"Palmeiras, Nottingham Forest, Real Betis, Real Madrid, Borussia Dortmund"
Kwame Fischer,"Arsenal, LAFC"
Bukayo Garnacho,"Atletico Madrid, Real Sociedad, AZ Alkmaar, SC Freiburg"
Lucas Bertrand,"Borussia Mönchengladbach, Everton, Cagliari, Arsenal, Strasbourg"
Kofi Colombo,Arsenal
Gonçalo Brown,"Cagliari, Aston Villa, Manchester City, Parma"
Sebastian Smit,"Wolverhampton, SS Lazio, Nottingham Forest, Borussia Mönchengladbach, Arsenal"
Felix Schneider,"Bayern Munich, Juventus"
Pedri Schulz,"Napoli, Sheffield United, Werder Bremen"
Youssef Ramirez,"FC Porto, Torino, Leeds United, Tottenham Hotspur"
Alexander Colombo,"Newcastle United, Norwich City"
Samuel Dubois,"Atlanta United, Villarreal, Brighton & Hove Albion, Leeds United"
Marco Simon,"Lille, Eintracht Frankfurt, São Paulo, Al-Ahli"
Adrian Ferrari,"RB Leipzig, Inter Miami, LAFC, Inter Milan"
Adrian Flores,Santos
Gabriel Vasquez,"Bologna, RB Leipzig"
Julian Müller,Braga
Bernardo Michel,"LAFC, Aston Villa, Parma, Borussia Dortmund, Real Betis"
Kenji De Bruyne,Flamengo
Ivan Brown,"Osasuna, Palmeiras"
Dimitri Michel,"Bayern Munich, Al-Nassr"
Nicolas Jansen,"Sheffield United, Norwich City, Paris Saint-Germain, Feyenoord, PSV Eindhoven"
Marco Vasquez,"Brighton & Hove Albion, Osasuna, Norwich City, West Ham United"
Dries Fernandez,"Watford, Liverpool, Crystal Palace, Genoa, SS Lazio"
Ethan Bakker,"AZ Alkmaar, Crystal Palace, Real Madrid, Newcastle United"
Romelu Schmidt,"Crystal Palace, Sheffield United, Chelsea"
Axel Brown,"Borussia Mönchengladbach, Empoli, Villarreal"
Kofi Flores,Sporting CP
Adrian Esposito,"LAFC, Empoli, Atlanta United"
Giorgio Smit,"Fiorentina, Espanyol, Benfica, Osasuna, Athletic Bilbao"
Lorenzo Bruno,Manchester United
Adrian Diaz,Paris Saint-Germain
Darwin Taylor,"Al-Nassr, Udinese"
Hugo Perez,"Ajax, Atalanta, Real Madrid, Inter Miami, Bayern Munich"
Maximilian Camavinga,"Chelsea, Southampton"
Jonas Simon,"Al-Ettifaq, Girona, Flamengo, Lyon, Bologna"
Nathan Simon,"RB Leipzig, Santos, Bournemouth, Sunderland, Rennes"
Kwame Garcia,"Everton, Santos, Al-Hilal, Norwich City, LAFC"
Phil Camavinga,"Ipswich Town, Sunderland, Torino, Columbus Crew, SC Freiburg"
Mikel Weber,"Sheffield United, Arsenal"
Jakub Santos,"Hellas Verona, RB Leipzig, Al-Nassr, Inter Miami, VfL Wolfsburg"
Filip Becker,"Lille, Nottingham Forest, Sunderland"
Filip Garcia,"Espanyol, Real Betis, Chelsea, PSV Eindhoven, West Ham United"
Hiroshi Moreno,"Santos, Crystal Palace, AZ Alkmaar"
Dimitri Wilson,"Newcastle United, Arsenal, Benfica, Bologna, Feyenoord"
Tiago Gomez,"Las Palmas, Inter Miami, Tottenham Hotspur, SS Lazio, Strasbourg"
Ethan Santos,"Barcelona, LA Galaxy, Osasuna"
Gabriel Camavinga,"Manchester United, Inter Miami, Atlanta United, Al-Hilal, Genoa"
Bukayo Bellingham,"Torino, Barcelona"
Tiago Weber,"Nice, Feyenoord"
Thibaut Alvarez,"Celta Vigo, LA Galaxy, Inter Miami, Parma"
Pedri Rojas,"Liverpool, Eintracht Frankfurt, Sheffield United, Hellas Verona"
Lukas Williams,"Marseille, Borussia Mönchengladbach"
Lukas Wagner,Real Sociedad
Thibaut Taylor,West Ham United
Oliver Michel,"Hellas Verona, AZ Alkmaar"
Kevin Torres,"Tottenham Hotspur, LA Galaxy, Columbus Crew, Aston Villa, RC Lens"
Iker Fernandez,Aston Villa
Adrian Schmidt,Mallorca
Elias Santos,Santos
Nathan Garnacho,"Leeds United, Real Sociedad, Villarreal, Borussia Dortmund"
Felix Schmidt,Schalke 04
Rasmus Weber,"Nottingham Forest, Bournemouth, Chelsea, Manchester United, Schalke 04"
Kwame Ramirez,"AC Milan, West Ham United, Arsenal, Barcelona, Brentford"
Miklós Michel,"West Ham United, Cagliari, Benfica, Rayo Vallecano"
Filip Bruno,Borussia Mönchengladbach
Louis Flores,"Manchester United, Rayo Vallecano"
Diogo Perez,"Villarreal, Nottingham Forest, Empoli, Leicester City, Chelsea"
Paul Michel,"Villarreal, Rennes, Sheffield United, Braga, Napoli"
Declan Wagner,"Manchester United, Mallorca, Eintracht Frankfurt"
Darwin Rojas,"West Ham United, Inter Milan, Udinese"
Nathan Hernandez,Monaco
Dries Meyer,"Liverpool, Valencia"
Adrian Brown,"Cagliari, Sevilla, Eintracht Frankfurt, Napoli"
Nathan Laurent,"Santos, PSV Eindhoven, Villarreal, Tottenham Hotspur, São Paulo"
Federico Nieuwenhuis,"Werder Bremen, Eintracht Frankfurt, Celta Vigo, Inter Milan, Leicester City"
Lorenzo Simon,"Monaco, Boca Juniors, Al-Hilal, Atlanta United, Barcelona"
Daniel Müller,"Arsenal, Athletic Bilbao, Bournemouth"
David Gonzales,"Empoli, Boca Juniors, Tottenham Hotspur"
Elias Bellingham,"Getafe, Athletic Bilbao, Barcelona, Everton"
Mateo Michel,"Crystal Palace, Al-Ittihad, Manchester United"
Alexis Perez,"Rennes, Leeds United, Brentford, West Ham United"
João Rojas,Getafe
Oliver Santos,"AC Milan, Wolverhampton, Flamengo, Sheffield United, Bayern Munich"
Samuel Smit,"Bayern Munich, SS Lazio, Inter Miami"
Bernardo Leroy,Rayo Vallecano
David Alvarez,AZ Alkmaar
Lucas Williams,"Leeds United, Aston Villa, Juventus, Napoli, Al-Ahli"
Amir Mainoo,"Real Sociedad, Al-Nassr, Celta Vigo, Napoli, Leeds United"
Youssef Sanchez,"Genoa, Southampton, Atlanta United, Atletico Madrid, AS Roma"
Declan Gonzales,"Juventus, Sheffield United"
Nicolò Perez,"Borussia Dortmund, Sevilla, Benfica, AZ Alkmaar"
Kevin Greco,"Crystal Palace, São Paulo"
Pedri Michel,"Mallorca, Manchester United"
Sandro Ramirez,Atletico Madrid
Alessandro Santos,"Norwich City, Lille, Watford"
William Lopez,"Mallorca, Leicester City"
Liam Rossi,Real Sociedad
Julian Colombo,"Juventus, RB Leipzig, Norwich City"
Rafael Dubois,"Southampton, Al-Ittihad, Braga"
Eden Jansen,RB Leipzig
Felix Rodriguez,"Santos, Genoa, Borussia Dortmund, Paris Saint-Germain, Brighton & Hove Albion"
Kwame Smith,"Al-Ahli, Bayer Leverkusen"
Miklós Evans,"Palmeiras, Al-Ettifaq"
Bernardo Roux,"Atalanta, Real Betis"
Noah Bruno,"Athletic Bilbao, Strasbourg"
Mikel Perez,"Marseille, Feyenoord"
Sven Torres,West Ham United
Chidi Bellingham,Eintracht Frankfurt
Hugo David,"Sunderland, Real Betis, Leeds United"
Benjamin Meyer,"Empoli, Cagliari, Liverpool, Ipswich Town, Burnley"
Frenkie Fischer,"Girona, Flamengo, Torino, Benfica"
Noah Ricci,"AS Roma, SS Lazio, Ajax"
Phil Vasquez,"Empoli, SC Freiburg, Ajax, Sevilla"
Phil Laurent,"Udinese, Las Palmas, Al-Ahli, Chelsea, Ajax"
Gabriel Gonzales,"Al-Ittihad, Lyon"
Gianluigi Moreau,Barcelona
Iker Bertrand,Bologna
Memphis Bertrand,"Bayer Leverkusen, Manchester United, Leicester City, Sheffield United, LA Galaxy"
Nicolas Dubois,"Watford, AS Roma, Villarreal, Fulham"
David Meyer,"Brighton & Hove Albion, Schalke 04, Wolverhampton, Bayern Munich"
Elias Evans,"Marseille, Brighton & Hove Albion, Rennes"
Cody Evans,Atletico Madrid
Youssef Schneider,"Leicester City, West Ham United"
Kofi Roux,"VfL Wolfsburg, Atletico Madrid, Sporting CP, Las Palmas"
Lukas Martinez,Napoli
Bernardo Schulz,"Watford, Bologna"
Rasmus Smith,"Cagliari, Al-Hilal, Monaco, Inter Milan"
Julian Musiala,"Watford, Ipswich Town, Inter Miami, Sporting CP, Nice"
Martin Rojas,"Sporting CP, LA Galaxy, Atlanta United"
Rafael Santos,"Hellas Verona, West Ham United"
Sven Rossi,Santos
Luis Laurent,"Stuttgart, Inter Miami, Arsenal"
Virgil Vasquez,"PSV Eindhoven, Nice, Manchester City, Brighton & Hove Albion"
Jakub Taylor,"Al-Ittihad, Schalke 04, Boca Juniors, Sunderland"
Alessandro Greco,"Bologna, Athletic Bilbao"
Jonas Mainoo,Fiorentina
João Fernandez,"Real Sociedad, RB Leipzig, Nottingham Forest"
Diogo Colombo,"Napoli, Stuttgart, Flamengo, Villarreal, Newcastle United"
Paul Bellingham,"Leeds United, Schalke 04, Parma, Genoa, Rayo Vallecano"
William Wagner,"Manchester City, Liverpool, Manchester United, Benfica, Bournemouth"
Martin Laurent,Eintracht Frankfurt
Declan Tchouaméni,PSV Eindhoven
Lorenzo Lopez,"AC Milan, Atletico Madrid, Barcelona"
Gavi Flores,"Bayern Munich, Nottingham Forest"
Gonçalo Bertrand,"AZ Alkmaar, Al-Nassr, River Plate, LAFC"
Thibaut Silva,"River Plate, Barcelona, RB Leipzig"
Kenji Weber,"Real Sociedad, Santos, AC Milan"
Luis Müller,AC Milan
Lucas Santos,Wolverhampton
Pedri Visser,"Sevilla, Villarreal, Sunderland, Monaco, Parma"
Stefan Musiala,"Norwich City, Strasbourg, AZ Alkmaar, Juventus"
Liam Mainoo,"Southampton, PSV Eindhoven, Inter Milan, LA Galaxy"
Paul Moreau,"Stuttgart, Leeds United, Parma"
Miklós Torres,"RB Leipzig, Nottingham Forest"
Bukayo Mainoo,"Flamengo, Feyenoord, Las Palmas, Lille"
Arthur Ferrari,"Liverpool, Brentford"
Axel Santos,"Wolverhampton, Brentford, Ajax, Al-Nassr, Schalke 04"
Sebastian Mainoo,"Brentford, Atlanta United, LA Galaxy, Southampton"
Lukas Müller,"Real Madrid, Norwich City"
Josko Schmidt,"Palmeiras, Las Palmas, FC Porto, Crystal Palace"
Hiroshi Gomez,"Feyenoord, Bournemouth"
William Ramirez,Hellas Verona
Nicolas Rojas,"Las Palmas, Sheffield United, Liverpool"
João Wilson,"Manchester City, Borussia Mönchengladbach, Santos, Bournemouth"
Eden Perez,"Feyenoord, Ipswich Town, Athletic Bilbao, Al-Ahli"
Romelu Greco,"PSV Eindhoven, Udinese, Leeds United"
Lukas Schulz,Burnley
Alexis Garnacho,"Brighton & Hove Albion, Nottingham Forest, Atalanta, Bologna, Borussia Dortmund"
Marco Taylor,"Brentford, Werder Bremen, Bournemouth, Stuttgart, SC Freiburg"
Felix Evans,"Newcastle United, Atletico Madrid, Brentford"
Tiago Moreno,"Leicester City, LA Galaxy"
Youssef Meyer,"Watford, Liverpool, Bologna, Al-Nassr"
Memphis Nieuwenhuis,"SC Freiburg, AS Roma, Norwich City, Girona"
Paul Davies,"Juventus, Manchester United, Nice"
Giorgio Hoffmann,"Santos, Athletic Bilbao"
Alessandro Weber,"Ajax, Manchester United, RC Lens"
Maximilian Garnacho,"Fiorentina, Feyenoord, Fulham"
Virgil Jones,SC Freiburg
Igor Laurent,"RC Lens, AZ Alkmaar, VfL Wolfsburg"
Diogo Dubois,Newcastle United
Lukas Ferrari,"Santos, Sheffield United, Cagliari, Getafe"
Oliver Evans,"Fiorentina, West Ham United, Boca Juniors"
Rafael Diaz,Sevilla
Rasmus Santos,"Atletico Madrid, Bayer Leverkusen, Marseille"
Tiago Roberts,"Fulham, Inter Milan, Rayo Vallecano, RC Lens, Atletico Madrid"
Hiroshi Perez,"AZ Alkmaar, AC Milan, Al-Ahli, Columbus Crew, Parma"
Rafael Rossi,"Watford, Crystal Palace"
Sven Nieuwenhuis,Osasuna
Romelu Diaz,Udinese
Louis Ferrari,"Inter Milan, Espanyol, Monaco, Bournemouth, Rayo Vallecano"
Alexander Bertrand,"Southampton, AS Roma, Brighton & Hove Albion"
Noah Bianchi,Fulham
Cody Torres,"Inter Miami, Real Madrid, Osasuna, Sevilla"
Rafael Nieuwenhuis,"Crystal Palace, Juventus, Real Madrid, Al-Ittihad, Hellas Verona"
Sven Diaz,"Ajax, Manchester United, Brentford"
Julian Moreno,Valencia
Rasmus Lefebvre,"Sunderland, Liverpool"
Jonas Marino,"Arsenal, Al-Hilal, Crystal Palace, Las Palmas, River Plate"
Oliver Fischer,"Al-Hilal, Strasbourg, Santos"
Gavi Weber,"Tottenham Hotspur, Nice"
Frenkie Diaz,"Sevilla, West Ham United"
Lorenzo Laurent,"Sporting CP, Nottingham Forest, Stuttgart, VfL Wolfsburg"
Stefan Mainoo,"FC Porto, Borussia Mönchengladbach, Osasuna, Valencia"
Nathan Thomas,Las Palmas
Kwame Gomez,"Lyon, Getafe, FC Porto"
Rasmus Perez,Eintracht Frankfurt
Julian Evans,"Inter Milan, Norwich City, Borussia Mönchengladbach, Manchester United"
Ivan Rossi,"Al-Nassr, Hellas Verona, Benfica"
Nicolas Vasquez,"Empoli, Inter Milan"
Virgil Bakker,"Boca Juniors, AS Roma"
Jonas Hernandez,"Napoli, Sunderland, Al-Ahli"
Elias Bertrand,Atlanta United
Lukas Weber,Bayern Munich
Virgil Colombo,"Nottingham Forest, Lille, Leicester City"
Thibaut Jansen,"SC Freiburg, Villarreal, Crystal Palace, Torino"
Youssef Marino,Crystal Palace
Dries Taylor,"Norwich City, AS Roma, Burnley"
Alessandro Meyer,"RC Lens, Eintracht Frankfurt, Stuttgart, Parma, Manchester United"
Phil Martinez,"Newcastle United, Barcelona"
David Martinez,Monaco
Hugo Meyer,"Ajax, Al-Ittihad"
Kevin Dubois,"Manchester City, Barcelona, LA Galaxy, Al-Hilal"
Youssef Nieuwenhuis,"Sunderland, River Plate"
Alessandro Wagner,Manchester City
Lukas Jansen,"Borussia Dortmund, LAFC, Real Sociedad, Al-Hilal, Espanyol"
Phil Hernandez,"Sheffield United, Villarreal"
Frenkie Rojas,Sporting CP
Cody Michel,"Bournemouth, Burnley, Las Palmas"
Luis Santos,"Cagliari, Bayern Munich, Nice, Arsenal, Borussia Mönchengladbach"
Dimitri Van Dijk,Chelsea
Gabriel Garnacho,"Celta Vigo, VfL Wolfsburg, RB Leipzig"
Louis Rojas,Manchester City
Kofi Esposito,"Borussia Mönchengladbach, LAFC, Bologna, Schalke 04"
Igor De Bruyne,"Empoli, Hellas Verona, Aston Villa"
Diogo Schulz,"Stuttgart, Boca Juniors, FC Porto"
Phil Visser,West Ham United
Alexis Rojas,"Eintracht Frankfurt, Brentford, Getafe"
Ciro Lefebvre,"Athletic Bilbao, Atlanta United, Liverpool"
Jonas Greco,Osasuna
Bukayo Tchouaméni,"VfL Wolfsburg, Burnley, Las Palmas, Braga"
Gonçalo Esposito,"Paris Saint-Germain, AC Milan, Osasuna, Real Sociedad"
Jonas Garcia,"Stuttgart, Al-Ittihad, Atalanta, Strasbourg, Nottingham Forest"
Axel David,"Santos, Bologna, Rayo Vallecano, Newcastle United, Aston Villa"
Sven Rojas,"Al-Ahli, Wolverhampton, Stuttgart, Real Betis"
Declan Musiala,"Real Madrid, Borussia Mönchengladbach"
Kenji Hernandez,"Aston Villa, Hellas Verona, Chelsea"
Giorgio Diaz,Borussia Mönchengladbach
Alexis Silva,Girona
Samuel Romano,"River Plate, RB Leipzig, Sporting CP"
Nicolò Alvarez,Al-Ettifaq
Youssef Rojas,"Parma, Nice"
Sebastian Becker,"Brighton & Hove Albion, Bayern Munich"
Diogo Schmidt,"Napoli, AS Roma, Manchester City, Las Palmas"
Kofi Hoffmann,"Marseille, Parma"
Luis Ferrari,"Tottenham Hotspur, Al-Ahli, Palmeiras, Watford, Girona"
Federico Davies,"Real Sociedad, Leicester City, Real Madrid"
Gianluigi Bertrand,"Sheffield United, Genoa, River Plate, Parma, Manchester City"
Jan Rossi,"Al-Ahli, Al-Ettifaq, Cagliari, Bayer Leverkusen, Napoli"
Memphis Simon,"Bayer Leverkusen, Brentford, Lyon, Palmeiras"
Dimitri Bakker,"Southampton, Ajax, Schalke 04"
Gianluigi Becker,Columbus Crew
Kevin Silva,"Flamengo, Stuttgart, Hellas Verona, Crystal Palace"
Sebastian Gonzales,"Benfica, Manchester United, Villarreal"
Alessandro Torres,"Marseille, Borussia Dortmund, Al-Hilal"
Bruno Gonzales,LAFC
Lorenzo Bakker,Al-Ittihad
Elias Musiala,"Tottenham Hotspur, Barcelona, Braga, PSV Eindhoven"
Alexander De Bruyne,"Al-Hilal, Watford, Newcastle United, Fulham, Arsenal"
Felix Diaz,"Manchester City, Getafe, Athletic Bilbao, Manchester United, Bayern Munich"
Mateo Jansen,"Juventus, Everton, Nottingham Forest, Real Madrid"
Kevin De Jong,"Espanyol, Schalke 04"
Amir Leroy,"Nottingham Forest, Parma, West Ham United, PSV Eindhoven, Bournemouth"
Alexis Müller,"SC Freiburg, LAFC"
Sandro Davies,"Borussia Dortmund, Real Betis, Sporting CP, Manchester City"
Giorgio Nieuwenhuis,"Sporting CP, Osasuna, Juventus"
Gianluigi Bruno,Nice
Kofi Lopez,"Torino, Chelsea, Cagliari, Tottenham Hotspur, Bayer Leverkusen"
Julian Smith,"RB Leipzig, Athletic Bilbao, Bologna"
Ivan Hernandez,"Benfica, Wolverhampton"
Diogo Garnacho,"Hellas Verona, Al-Ettifaq, River Plate"
Samuel Meyer,"Juventus, Fulham, AZ Alkmaar"
Nathan Greco,"RC Lens, FC Porto, Sheffield United, Monaco"
Luka Smit,"Southampton, Al-Ittihad, Valencia"
Lorenzo Moreau,Chelsea
Stefan Ramirez,"LA Galaxy, Inter Milan"
Romelu Hernandez,Strasbourg
Igor Flores,Atlanta United
Oliver Leroy,"RC Lens, Feyenoord, Brentford"
Nicolò Davies,"Girona, Borussia Mönchengladbach"
Jan Wagner,"Watford, LAFC"
Daniel Rodriguez,Athletic Bilbao
Lucas Moreno,Empoli
Eden Garnacho,"Ipswich Town, Atalanta, Sheffield United, Al-Ahli, LA Galaxy"
Gabriel Smit,"Norwich City, Athletic Bilbao, Monaco, Bayern Munich"
Luka Colombo,"Ajax, Lyon, Tottenham Hotspur"
Benjamin Leroy,"Feyenoord, Genoa, Ipswich Town, Marseille"
Sebastian Vasquez,"Real Madrid, Manchester City, Nottingham Forest, Eintracht Frankfurt, Celta Vigo"
Liam Tchouaméni,"Bournemouth, Barcelona, Real Betis"
Arthur Wagner,Werder Bremen
Ciro Müller,"Strasbourg, RB Leipzig, Real Sociedad, AS Roma, Ajax"
Ethan Tchouaméni,Nice
Darwin Rodriguez,Atalanta
Romelu Fischer,"Villarreal, Flamengo"
Jan Bellingham,"Columbus Crew, FC Porto, Everton"
Stefan Nieuwenhuis,Marseille
Martin Lopez,"Ipswich Town, AC Milan, Rennes"
Martin Gomez,"Borussia Dortmund, Southampton, Mallorca, Inter Miami, Chelsea"
Sven Jansen,"Benfica, Bologna"
Axel De Jong,"River Plate, Celta Vigo, Bournemouth"
Ethan Rodriguez,"Werder Bremen, RC Lens"
Gavi Fernandez,"Borussia Dortmund, Crystal Palace, Inter Milan, Palmeiras, Genoa"
Adrian Lefebvre,"Lille, Tottenham Hotspur, Newcastle United, Torino"
Bernardo Lefebvre,Espanyol
Miklós Sanchez,"Aston Villa, Celta Vigo, SS Lazio, Atlanta United, Columbus Crew"
Dimitri Gonzales,Everton
Adrian Leroy,"Rayo Vallecano, Chelsea"
Mikel Dubois,"FC Porto, Nottingham Forest, Ipswich Town, Girona"
Sandro Wilson,"Al-Nassr, LAFC, Cagliari, Barcelona"
Jan Schulz,"Boca Juniors, Lille, Real Betis"
Dominik Weber,"Al-Ittihad, Schalke 04, RB Leipzig"
Nicolas Martinez,"SS Lazio, Al-Nassr, Ajax"
Xavi Meyer,Athletic Bilbao
Samuel Visser,"Real Sociedad, LAFC"
Darwin David,Bournemouth
Sven Lopez,"Osasuna, Paris Saint-Germain, Inter Milan"
Ethan Meyer,"Inter Milan, Eintracht Frankfurt, Bournemouth, Genoa, Torino"
Josko Martinez,"Brighton & Hove Albion, Schalke 04, Flamengo"
Amir Evans,Atalanta
Declan Lefebvre,"River Plate, LA Galaxy, LAFC, Columbus Crew"
Ethan Ramirez,"Inter Milan, Inter Miami, Braga, Rayo Vallecano, Werder Bremen"
Memphis Michel,"Inter Miami, Marseille, Palmeiras, Stuttgart, Las Palmas"
Arthur Greco,"Atlanta United, Espanyol, Southampton, Aston Villa"
Sebastian Schmidt,"Real Betis, Atalanta, Monaco, Juventus, Brighton & Hove Albion"
Martin Meyer,"Mallorca, FC Porto, Girona"
Gianluigi Ferrari,"Burnley, Torino, Bayer Leverkusen"
Julian Bertrand,Cagliari
Jakub Laurent,Nice
Sebastian Meyer,"Lille, Sevilla, Fulham, Torino, Sheffield United"
Amir Meyer,"Eintracht Frankfurt, Southampton, Celta Vigo"
Bukayo Williams,"Ajax, Benfica"
Liam Roberts,Benfica
Lucas Brown,"Torino, Nice, Sevilla, Chelsea, Lille"
Miklós Gonzales,"Girona, Bournemouth, Braga"
Noah Müller,"Manchester United, Ipswich Town, RB Leipzig"
Stefan Wilson,"Monaco, Fiorentina, Al-Ahli"
Romelu Perez,"Rayo Vallecano, West Ham United, Brentford, Valencia"
Mikel Ricci,"SS Lazio, Benfica, Fiorentina"
Declan Rodriguez,"Fiorentina, Chelsea"
Kwame Alvarez,"Brentford, Manchester United, RC Lens, Atletico Madrid, Sevilla"
Ivan Bakker,"Al-Ettifaq, Bologna, Atletico Madrid, Genoa, Nice"
Lucas Alvarez,"Flamengo, Benfica, Leicester City, Ipswich Town"
Luka Mainoo,"LA Galaxy, AC Milan, Werder Bremen, Nottingham Forest, VfL Wolfsburg"
Liam Van Dijk,"Stuttgart, Torino, Sevilla, Mallorca, Norwich City"
Ciro Becker,"Villarreal, Getafe"
João Roberts,"Sevilla, Atlanta United, Newcastle United, Al-Hilal"
Eden Ricci,Cagliari
Nicolò Jansen,Empoli
Darwin De Jong,"Celta Vigo, Udinese, River Plate, AC Milan, Marseille"
Adrian Camavinga,"Boca Juniors, SS Lazio"
Luis Moreno,"Las Palmas, Santos, Rayo Vallecano, Atalanta, Sevilla"
Marco Gomez,"AC Milan, RB Leipzig, West Ham United, Monaco"
Lukas David,Sunderland
Amir Bellingham,"Atlanta United, Manchester City, Southampton, Brighton & Hove Albion"
Rasmus Jones,Southampton
Diogo Vasquez,"Al-Ittihad, Lyon, Espanyol, Al-Ettifaq"
Kwame Diaz,"Atalanta, Paris Saint-Germain, RC Lens"
Noah Perez,"Udinese, SS Lazio, Feyenoord"
Virgil Lefebvre,"Columbus Crew, Borussia Dortmund, Al-Ittihad"
Samuel Brown,"SC Freiburg, Leicester City, Wolverhampton, Arsenal, Paris Saint-Germain"
Giorgio Marino,"Genoa, Valencia, Torino, Burnley"
Hugo Roberts,"Eintracht Frankfurt, Atalanta, Crystal Palace"
Gianluigi Visser,"Nice, SC Freiburg, Napoli, Rayo Vallecano, Valencia"
Iker Rossi,"West Ham United, Chelsea"
Mateo Meyer,"Strasbourg, Sevilla, Manchester City, Bologna, Rayo Vallecano"
Louis Diaz,"Osasuna, Borussia Mönchengladbach, Torino"
Filip Jones,"Las Palmas, RC Lens, Columbus Crew"
Nicolas Roberts,"West Ham United, Manchester City, Athletic Bilbao"
Federico Bakker,"Brentford, Rennes"
Noah Tchouaméni,"São Paulo, Norwich City, Arsenal, Borussia Mönchengladbach, Brentford"
Pedri Wilson,"Monaco, Napoli, LA Galaxy"
Adrian David,"Newcastle United, Al-Ettifaq, Al-Nassr"
Marco Leroy,"Eintracht Frankfurt, Las Palmas, Liverpool, Tottenham Hotspur"
Tiago Smith,"Villarreal, Osasuna, Hellas Verona, Feyenoord, LAFC"
Rasmus Rossi,Parma
Rafael Taylor,"FC Porto, Feyenoord, Brighton & Hove Albion, PSV Eindhoven, Aston Villa"
Dimitri Moreno,"Genoa, Barcelona, Braga, Watford, Las Palmas"
Xavi Brown,"Rayo Vallecano, Southampton, Watford, PSV Eindhoven"
Daniel Visser,"Arsenal, Parma"
Benjamin De Bruyne,"Strasbourg, Athletic Bilbao, Al-Nassr, Burnley, Brighton & Hove Albion"
Martin Greco,"Espanyol, PSV Eindhoven, Bologna, Borussia Dortmund, VfL Wolfsburg"
Alexis Brown,"Celta Vigo, Real Betis, Sporting CP"
Xavi De Bruyne,"Rennes, Cagliari, Schalke 04, Borussia Dortmund"
Filip Flores,"AC Milan, Udinese, Valencia"
David Williams,"Sevilla, FC Porto, Newcastle United, Bologna"
Nathan De Bruyne,"SS Lazio, Al-Ahli, Espanyol, Brentford, Real Betis"
Youssef Jansen,"River Plate, SS Lazio"
Luis Rossi,"Juventus, Torino, Napoli, AS Roma"
Youssef De Bruyne,"Atalanta, PSV Eindhoven"
Noah Hoffmann,"SS Lazio, Barcelona, Monaco, Sunderland"
Josko Wilson,Strasbourg
Martin Esposito,"RC Lens, Schalke 04"
Gavi Sanchez,"Cagliari, Palmeiras, Lille"
Benjamin Martinez,"Athletic Bilbao, Empoli, Werder Bremen, Watford, Leeds United"
Miklós Becker,"Fiorentina, Villarreal"
Eden Evans,"LA Galaxy, Getafe, Aston Villa, Brighton & Hove Albion, Bournemouth"
Luka Dubois,"Chelsea, Leeds United, Rayo Vallecano, Real Madrid"
Bukayo Schmidt,Mallorca
Marco Greco,"Southampton, LAFC, Mallorca, Leicester City"
Luka Simon,Aston Villa
Sandro Alvarez,LAFC
Giorgio Dubois,"RC Lens, Real Sociedad"
Tiago Michel,"Atlanta United, Bournemouth, Real Madrid, Osasuna, Hellas Verona"
Maximilian Torres,"Benfica, Monaco, Bayern Munich"
Gavi Becker,"Liverpool, Barcelona, SS Lazio, Lyon"
Hiroshi De Jong,"Al-Ittihad, Werder Bremen, RB Leipzig"
Dimitri Greco,Eintracht Frankfurt
Virgil Thomas,"Brentford, Juventus, Palmeiras, Celta Vigo, Udinese"
Pedri De Jong,"Manchester United, AZ Alkmaar, Real Sociedad, Villarreal, West Ham United"
Bukayo Gomez,Lyon
Louis Wilson,"Paris Saint-Germain, Getafe, Leicester City, West Ham United"
Kevin Van Dijk,"Inter Miami, Marseille, Flamengo, Celta Vigo, Everton"
Sven Schneider,"Real Sociedad, LAFC, Atalanta, Wolverhampton"
Lucas Ferrari,"Rennes, SS Lazio, Arsenal, Mallorca, Al-Hilal"
Jan Musiala,"Schalke 04, Eintracht Frankfurt, Sevilla, Benfica"
Memphis De Jong,"Lyon, LAFC, LA Galaxy, Leicester City, Manchester United"
Dries Perez,"Southampton, Columbus Crew, Aston Villa, Leeds United"
Lucas Michel,"Sunderland, Feyenoord, São Paulo, VfL Wolfsburg"
Xavi Moreno,"AC Milan, AS Roma, Aston Villa, Real Betis, Nottingham Forest"
Axel Becker,"Stuttgart, Valencia, Strasbourg"
Pedri Garnacho,"West Ham United, Real Betis"
Mateo Wilson,"Al-Ettifaq, Fiorentina, Stuttgart, RC Lens, Girona"
Samuel Jones,"Al-Ettifaq, Bayern Munich, Aston Villa, Sevilla, AC Milan"
Paul Alvarez,"Fulham, Arsenal, Real Sociedad, Al-Ittihad"
Jonas Davies,Werder Bremen
Hugo Gonzales,"Bayer Leverkusen, Rennes, Leeds United, Fulham, Bologna"
William Musiala,"Bologna, Feyenoord"
Pedri Moreau,"Lyon, Schalke 04, AZ Alkmaar"
Alexis Davies,Paris Saint-Germain
Giorgio Bruno,"Monaco, Palmeiras, Paris Saint-Germain"
Mikel Meyer,"Sporting CP, Bayern Munich, Athletic Bilbao, Sunderland, Arsenal"
Daniel Rojas,"Sunderland, Bayern Munich"
Alexander Ferrari,Crystal Palace
Samuel Bakker,"Napoli, Sporting CP, Bayern Munich, Valencia"
Nicolò Dubois,"Boca Juniors, Inter Milan, Al-Nassr, Bayern Munich"
Diogo Hoffmann,"Sevilla, VfL Wolfsburg, Leicester City, RC Lens, Atletico Madrid"
Louis Meyer,"Parma, Lyon"
Rasmus Schneider,Lyon
Axel Romano,"Brentford, Empoli"
Memphis Romano,"Atletico Madrid, Strasbourg, Lyon, Norwich City"
Gavi Marino,"Atlanta United, Aston Villa"
João Smit,"Arsenal, Paris Saint-Germain"
Chidi Esposito,Fiorentina
Igor Jansen,RC Lens
Youssef Lopez,"AZ Alkmaar, Borussia Dortmund, Juventus"
Noah Schneider,"Feyenoord, Everton, Monaco"
Mikel David,"Burnley, Bayern Munich, Atlanta United, AZ Alkmaar"
Lucas Marino,Strasbourg
Felix Williams,"Leicester City, AC Milan"
Marco Gonzales,"PSV Eindhoven, Al-Nassr, Everton, Sevilla"
Hugo Tchouaméni,"Norwich City, Benfica, Strasbourg"
Louis Ricci,"Aston Villa, Sporting CP, AS Roma, AC Milan, Everton"
Luka Rojas,"Leicester City, Burnley, Torino"
Noah Meyer,"Watford, Al-Hilal, RB Leipzig, SS Lazio, Burnley"
Chidi Meyer,"Bologna, Nottingham Forest, Atalanta, Bayer Leverkusen, Marseille"
Daniel Garnacho,"Liverpool, Newcastle United, Sheffield United, LA Galaxy"
Daniel Brown,"Paris Saint-Germain, Feyenoord, Bournemouth"
Louis Santos,"PSV Eindhoven, Fiorentina"
Frenkie Gomez,"Real Sociedad, Al-Ahli"
Gabriel Taylor,"Real Sociedad, Crystal Palace"
Paul Meyer,"Marseille, Sevilla"
Jonas Weber,"Burnley, Real Betis"
Amir Sanchez,"Cagliari, Nice, Empoli, Bologna"
Gabriel Visser,"Feyenoord, Al-Ahli, Sunderland, Brighton & Hove Albion"
Felix Camavinga,"Athletic Bilbao, Al-Ittihad, Parma, Bologna, AZ Alkmaar"
Phil Wagner,"Atalanta, Al-Ittihad"
Ivan Wilson,"Atletico Madrid, Bayer Leverkusen, Las Palmas"
Lucas Flores,"FC Porto, Feyenoord, Sheffield United, Bayern Munich, Tottenham Hotspur"
Memphis Ferrari,"Marseille, Genoa, FC Porto"
Giorgio Lopez,"Al-Ittihad, Manchester United, Feyenoord"
Diogo Santos,"AC Milan, Bayern Munich"
Gabriel Torres,"Cagliari, Real Sociedad"
Arthur Bertrand,"Sheffield United, Columbus Crew, Bournemouth, Torino, Strasbourg"
Dimitri Schneider,"Rennes, Atalanta, Borussia Dortmund"
Luis Moreau,"Chelsea, Celta Vigo, Flamengo"
Luka Ramirez,"Napoli, Boca Juniors, Mallorca, Monaco"
Kevin Rodriguez,"SC Freiburg, Sunderland"
Samuel Vasquez,"River Plate, Crystal Palace, Liverpool"
Chidi Rojas,"Hellas Verona, Juventus, Sunderland"
Frenkie Silva,"Watford, Burnley"
Sebastian Brown,"Athletic Bilbao, Parma"
Daniel Schmidt,"Al-Ahli, Lyon"
Pedri Silva,"Leeds United, Bologna, Manchester City, Bayern Munich"
Federico Dubois,"Bayern Munich, Sporting CP"
Gavi Bertrand,"Flamengo, Manchester City"
Iker Vasquez,"Flamengo, Tottenham Hotspur, AS Roma"
Luis Michel,"Juventus, Werder Bremen, Ipswich Town, Bologna, Borussia Mönchengladbach"
Dominik Rodriguez,"RC Lens, Burnley"
João Bianchi,"Arsenal, Strasbourg, Rennes, Columbus Crew, Juventus"
Oliver Roberts,"Eintracht Frankfurt, Norwich City"
Noah Evans,"Parma, Liverpool, Atalanta"
Dries Alvarez,"Real Sociedad, Inter Milan, Braga"
Amir Simon,"Leeds United, Juventus"
Nicolas Bertrand,Bologna
Phil Torres,"São Paulo, Aston Villa, Leeds United, Sevilla"
Luka Bruno,"Aston Villa, Borussia Mönchengladbach, Benfica, Sporting CP"
Kevin Michel,Real Madrid
Dries Fischer,RC Lens
Virgil Jansen,"Boca Juniors, Bayern Munich, Al-Ettifaq"
Bruno Camavinga,"Newcastle United, River Plate, Burnley"
Dries Camavinga,"Braga, Leicester City, Wolverhampton, Arsenal"
Bernardo Fischer,"SC Freiburg, Strasbourg"
Frenkie Lefebvre,Bayer Leverkusen
Marco De Bruyne,"Empoli, Crystal Palace, Rennes, Al-Ahli"
Dries Bianchi,"Palmeiras, Brentford, Schalke 04"
Youssef Williams,"Cagliari, AC Milan, Bournemouth"
Virgil Ferrari,"PSV Eindhoven, Brighton & Hove Albion, Rennes"
David Colombo,Werder Bremen
Thibaut Schmidt,"Leicester City, Werder Bremen"
Hugo Vasquez,"PSV Eindhoven, Eintracht Frankfurt"
Axel Meyer,"Hellas Verona, Al-Hilal, Ajax"
Tiago Marino,West Ham United
Gavi Bakker,Atalanta
William Schulz,"AS Roma, Bournemouth, Sheffield United, Atlanta United"
Igor Gomez,"Newcastle United, Santos, Norwich City, Monaco"
Martin Bakker,"Santos, Getafe, Al-Hilal, São Paulo, Crystal Palace"
Rasmus Brown,"RB Leipzig, Sporting CP, Chelsea"
Mikel Moreau,"Braga, Rayo Vallecano"
Youssef Silva,"Athletic Bilbao, Bournemouth, River Plate, AC Milan"
Alexis Vasquez,"Mallorca, Bayer Leverkusen, Rennes"
Hugo Thomas,"Bournemouth, Al-Nassr"
Tiago Thomas,Strasbourg
Giorgio Simon,"Villarreal, Schalke 04, Inter Milan, Bayern Munich, Lyon"
Julian Bianchi,"Sevilla, Bologna, Torino"
Felix Bertrand,"Athletic Bilbao, Werder Bremen, Al-Ittihad, Sunderland"
Luis Bruno,"AS Roma, Brighton & Hove Albion, FC Porto"
Ciro Gomez,"Lyon, Bologna, Leicester City, Athletic Bilbao"
Dominik Marino,"Real Betis, Columbus Crew, Sevilla"
Mateo Alvarez,"Nice, Sunderland, Ajax, Cagliari, Marseille"
Stefan Greco,"Southampton, Genoa, RC Lens, Nottingham Forest, Manchester City"
Paul Smith,"Lille, SS Lazio, Cagliari, Columbus Crew"
Jakub Simon,"Osasuna, Sevilla, Palmeiras, Empoli, Feyenoord"
Nicolas Rossi,"Werder Bremen, Juventus, Barcelona, AS Roma, Eintracht Frankfurt"
Virgil Smith,"AS Roma, Rayo Vallecano"
Alexander Camavinga,"Flamengo, Bayer Leverkusen, Benfica"
Paul Torres,"Nice, Benfica, AC Milan, SS Lazio"
Declan Thomas,"Strasbourg, Ajax"
Luka Gomez,"Monaco, LA Galaxy, SS Lazio, Bournemouth, Valencia"
Louis Garnacho,"Al-Ahli, Liverpool, Fiorentina, Bournemouth"
Alessandro Bruno,"SC Freiburg, Norwich City, Leeds United, Hellas Verona, Fiorentina"
Tiago Vasquez,"Fulham, Brentford, Athletic Bilbao"
Ciro Bertrand,"Getafe, Al-Ahli, RC Lens, Torino"
Gabriel Flores,"Villarreal, Leeds United, Getafe, Bayer Leverkusen, Inter Miami"
Benjamin Silva,Al-Ahli
Iker Perez,"Las Palmas, Al-Ettifaq, Werder Bremen, Nottingham Forest"
Mikel Camavinga,Torino
Kwame Dubois,Empoli
Kevin Bakker,"Napoli, River Plate, Nottingham Forest, Manchester United"
Lorenzo Flores,"Empoli, SS Lazio"
Nathan Wilson,"Manchester City, Villarreal, AZ Alkmaar"
Frenkie De Bruyne,"Columbus Crew, Las Palmas"
Bruno Roux,"Marseille, Osasuna, Rennes"
Kenji Rodriguez,"Fiorentina, Marseille"
João Becker,"Al-Ettifaq, Leeds United, Marseille"
William Hoffmann,"Al-Ettifaq, Torino, Braga, Real Betis"
Felix Vasquez,"RC Lens, Real Betis"
Iker Schneider,"Brentford, Atletico Madrid"
Lorenzo Schulz,"Nice, Aston Villa"
Ivan Visser,"Borussia Dortmund, Ajax, Sunderland, Bologna"
Giorgio Jansen,"Stuttgart, Fiorentina, Genoa"
Xavi Jones,"Borussia Dortmund, Burnley, Genoa, Aston Villa, Sporting CP"
Filip Hoffmann,"Barcelona, Wolverhampton"
Hiroshi Diaz,"Cagliari, Eintracht Frankfurt"
William Santos,"Celta Vigo, LAFC, Watford, Empoli, Sporting CP"
Lucas Moreau,Villarreal
Luka Hernandez,"Lille, Werder Bremen, LAFC"
Josko Gomez,Udinese
Igor Brown,"Celta Vigo, Al-Hilal"
Frenkie Williams,RC Lens
Youssef Bellingham,"Liverpool, Atlanta United, Norwich City"
Mateo Schulz,Athletic Bilbao
Miklós Schmidt,"Flamengo, Nice, Borussia Dortmund, Bayer Leverkusen, Manchester City"
David Leroy,Bayern Munich
Alessandro De Bruyne,"Marseille, Aston Villa, Nice"
Giorgio David,Girona
Bruno Jansen,"SC Freiburg, Rayo Vallecano, AZ Alkmaar, Real Madrid"
Dimitri Bianchi,"Braga, Lyon, RB Leipzig"
David Brown,"Arsenal, Sevilla, SC Freiburg, Bayern Munich"
Sven Smith,"Fulham, Flamengo"
Axel Schulz,Torino
Jakub Hoffmann,"Real Sociedad, Sevilla, Palmeiras, VfL Wolfsburg, Bayern Munich"
Nicolas Schulz,"Athletic Bilbao, Monaco, Braga, Wolverhampton, Valencia"
Arthur Taylor,"River Plate, Sunderland, Leeds United, Strasbourg"
Alexis Smith,"Stuttgart, Bayern Munich, Benfica"
Alessandro Simon,"Celta Vigo, Las Palmas, Bayern Munich"
Kofi Marino,"Real Sociedad, Villarreal"
Diogo Rossi,"Real Sociedad, Napoli, Marseille, Juventus"
Romelu Silva,"Everton, SS Lazio, Cagliari, AZ Alkmaar"
Samuel David,"Bournemouth, Al-Nassr, Watford"
Jan Schneider,"Fiorentina, Brentford, Valencia"
Tiago Musiala,"LAFC, Watford, São Paulo, Atletico Madrid, Ajax"
Luka Leroy,"Manchester United, Ipswich Town, Getafe"
Nathan Van Dijk,Boca Juniors
Alexis Bruno,"Getafe, Osasuna, RC Lens, Paris Saint-Germain"
William Bianchi,"Werder Bremen, Fiorentina, Torino"
Kenji Flores,"Tottenham Hotspur, Atlanta United, Ipswich Town, Valencia"
Eden Alvarez,"Paris Saint-Germain, Real Madrid"
Ciro Davies,"Liverpool, Torino, Getafe, Valencia, Monaco"
Rafael Ricci,"Atlanta United, Atletico Madrid, Sheffield United, Valencia"
Memphis Roberts,"Empoli, Villarreal, Watford, Braga"
Amir Schneider,"Atlanta United, Bournemouth, Tottenham Hotspur, Nottingham Forest, AZ Alkmaar"
Eden Michel,"Borussia Mönchengladbach, São Paulo, Crystal Palace, VfL Wolfsburg"
Tiago Camavinga,"Rayo Vallecano, Monaco, Villarreal, PSV Eindhoven"
Benjamin Perez,"Liverpool, Lyon, Boca Juniors, Newcastle United, Werder Bremen"
Arthur Bakker,Monaco
Memphis Taylor,Palmeiras
Phil Lefebvre,"Bayer Leverkusen, Udinese, LAFC"
Oliver Brown,"Atalanta, Hellas Verona, VfL Wolfsburg, Boca Juniors, Al-Hilal"
Kevin Mainoo,"Arsenal, Ajax, Inter Milan"
Filip Ferrari,"Wolverhampton, Las Palmas, Barcelona, Nice"
Jonas Rojas,"Real Sociedad, Sheffield United"
Hugo Rodriguez,"RC Lens, Chelsea, Boca Juniors, Southampton, Schalke 04"
Miklós Wilson,"Real Madrid, Leeds United"
Liam Roux,"AS Roma, Watford, Athletic Bilbao, Palmeiras"
Gavi Diaz,Burnley
Luka Visser,Leeds United
Xavi Colombo,"AC Milan, Norwich City, Athletic Bilbao"
Daniel Jansen,"Borussia Dortmund, Girona, SC Freiburg"
David David,Arsenal
Gavi Simon,"Manchester City, Cagliari, Empoli, Real Sociedad"
Benjamin Lefebvre,"Celta Vigo, Al-Ittihad, Leicester City"
Hiroshi Ferrari,West Ham United
Dimitri Williams,"Aston Villa, Southampton, Stuttgart, Wolverhampton, Tottenham Hotspur"
Lucas Gonzales,"São Paulo, Athletic Bilbao, LAFC, FC Porto, Real Betis"
Arthur Simon,"Burnley, Stuttgart"
Felix Brown,"Newcastle United, River Plate, Leeds United"
Kevin Marino,"Ajax, Valencia, Brentford"
Mateo Esposito,Bayern Munich
Lucas Rojas,"Chelsea, Schalke 04, Genoa, Flamengo"
Alessandro Smit,"Leeds United, Manchester City"
Julian Romano,"Liverpool, AC Milan"
Benjamin Flores,"Bayer Leverkusen, AC Milan, Werder Bremen, Torino"
Chidi Van Dijk,"Girona, Southampton, Valencia, FC Porto"
Martin Torres,"Eintracht Frankfurt, Atlanta United, Monaco, Watford"
Adrian Thomas,"Southampton, West Ham United, Barcelona, FC Porto, Leicester City"
Hugo Moreau,"Strasbourg, Manchester United, Getafe"
Bruno Bertrand,"Stuttgart, Monaco, Mallorca, Flamengo, Southampton"
Maximilian Brown,West Ham United
Thibaut Ferrari,Monaco
Gonçalo Taylor,"AS Roma, Udinese, Atletico Madrid, Hellas Verona, Ajax"
Hiroshi Bakker,"Atalanta, Sheffield United, Girona"
Federico David,Sporting CP
Bernardo Visser,"Fulham, River Plate, Empoli"
Dries Rodriguez,"Southampton, Manchester City, Celta Vigo, Hellas Verona, Newcastle United"
Marco Bellingham,"Southampton, Bologna, Real Sociedad"
Federico Gomez,"Sheffield United, Juventus, SC Freiburg, Norwich City, West Ham United"
Gabriel Davies,"VfL Wolfsburg, Rennes, Boca Juniors"
Felix Garnacho,"VfL Wolfsburg, Crystal Palace, São Paulo, Werder Bremen, Empoli"
Rasmus Smit,"Fiorentina, Leeds United"
William Thomas,"Schalke 04, Strasbourg"
Dries Davies,"Crystal Palace, AS Roma, Real Betis"
Iker Visser,"Bayern Munich, Bayer Leverkusen, Valencia, Tottenham Hotspur"
Kofi Silva,Girona
Nicolò Hoffmann,"LA Galaxy, Strasbourg"
Ethan Laurent,"West Ham United, Borussia Dortmund"
Dimitri Romano,Barcelona
Lorenzo Alvarez,"Torino, West Ham United"
Luis Meyer,"Aston Villa, PSV Eindhoven, Nottingham Forest"
Bukayo Van Dijk,"FC Porto, Torino"
Sandro David,"Ipswich Town, Columbus Crew"
Bernardo Weber,Genoa
Bukayo Bertrand,"Nice, Sunderland, Al-Nassr, Al-Hilal"
Xavi Becker,"Stuttgart, Manchester United"
Daniel Ricci,"Sporting CP, Eintracht Frankfurt"
Igor Bakker,"AC Milan, Sporting CP, Girona"
Julian Torres,"Getafe, Nice, Eintracht Frankfurt, Barcelona"
Giorgio Lefebvre,"Manchester United, Boca Juniors, Al-Nassr"
Mikel Garnacho,"RC Lens, Stuttgart, Sporting CP, Genoa"
Noah Ramirez,"Santos, AZ Alkmaar, Manchester City, Monaco, Nottingham Forest"
Stefan Ricci,"Braga, Al-Nassr, RC Lens, AC Milan, Juventus"
Noah Romano,"Hellas Verona, Monaco, Stuttgart, Brighton & Hove Albion"
Kevin Lefebvre,Atletico Madrid
Gianluigi Brown,Feyenoord
Kwame Laurent,LA Galaxy
Frenkie Schneider,"Al-Ahli, Bologna, Cagliari"
Virgil Martinez,"Hellas Verona, Al-Ittihad, PSV Eindhoven"
Kevin Romano,"Eintracht Frankfurt, Liverpool"
Bruno Colombo,"Werder Bremen, LAFC, Celta Vigo, Sevilla, Real Sociedad"
Hugo Sanchez,"Sevilla, Ajax, Eintracht Frankfurt, PSV Eindhoven"
Xavi Romano,"Torino, Empoli, Columbus Crew"
Arthur Jones,"Bournemouth, Newcastle United, Norwich City"
Lorenzo Hoffmann,"Al-Ittihad, AZ Alkmaar, Lyon, Real Betis, Columbus Crew"
Paul Dubois,"Al-Ittihad, Ipswich Town, Watford, Liverpool, Al-Ettifaq"
Alessandro Moreau,"West Ham United, Al-Ettifaq, Atalanta"
Josko Colombo,"Tottenham Hotspur, Inter Milan, Manchester United, LAFC"
Kwame Garnacho,Valencia
Filip Leroy,Getafe
Filip Thomas,"Barcelona, Torino"
Gabriel Evans,"Aston Villa, Real Betis"
Dimitri Fernandez,"Borussia Dortmund, Torino, AC Milan, Lyon, Lille"
Gianluigi Taylor,"Sheffield United, Stuttgart, Nice, AS Roma"
Iker Fischer,"São Paulo, Las Palmas, Parma"
Pedri Ricci,"Sevilla, Schalke 04"
Rasmus Moreno,"Al-Ittihad, Getafe, Santos"
Josko Vasquez,River Plate
Luka Van Dijk,"Sevilla, Manchester United, RC Lens, Celta Vigo, Inter Miami"
Filip Bertrand,"Monaco, Crystal Palace, Hellas Verona"
Benjamin Jones,Lyon
Darwin Gonzales,"Borussia Dortmund, Al-Nassr, West Ham United"
Benjamin Colombo,Inter Miami
Hiroshi Garnacho,"LA Galaxy, Brentford, Al-Ettifaq"
Alexis Roux,"Werder Bremen, Al-Ittihad, Braga"
Miklós Garnacho,"SS Lazio, West Ham United, Palmeiras, Schalke 04, Al-Ahli"
Giorgio Rossi,Strasbourg
Liam Colombo,"Nottingham Forest, Boca Juniors, Ipswich Town, Strasbourg, Fulham"
Dominik Laurent,"LA Galaxy, Norwich City"
Darwin Nieuwenhuis,Villarreal
Phil Bruno,"Genoa, Al-Ittihad, Bayern Munich, Tottenham Hotspur"
Bernardo Brown,Real Sociedad
Diogo Williams,"Girona, Eintracht Frankfurt, Liverpool, Sheffield United"
Amir Moreau,"Celta Vigo, Bologna"
Hugo Smit,"Bournemouth, RC Lens, Everton"
Nicolò Gonzales,"Manchester City, Sunderland, Arsenal"
Dominik Santos,Valencia
Mateo Garnacho,"Fiorentina, Fulham, Burnley, Norwich City, PSV Eindhoven"
Declan Nieuwenhuis,"Werder Bremen, Atletico Madrid"
Gonçalo Torres,"Rennes, Fiorentina"
Ciro Williams,"Al-Nassr, Palmeiras, Burnley, RB Leipzig"
Mateo Lopez,"Santos, Nottingham Forest, Real Sociedad, Real Betis, Manchester United"
Louis Torres,"Norwich City, RC Lens, Wolverhampton, Strasbourg"
Alexis Bellingham,"River Plate, Udinese, Newcastle United, Sporting CP"
Federico Hernandez,"Getafe, Empoli, West Ham United"
Jonas Moreau,Cagliari
Ethan De Jong,"Manchester City, Stuttgart, Liverpool, FC Porto, Benfica"
Tiago Smit,"Monaco, Al-Ittihad, Werder Bremen, Stuttgart, Juventus"
Samuel Roux,"Real Betis, Feyenoord"
Dries Moreau,"Genoa, Leicester City, Borussia Mönchengladbach, Brentford"
Nathan Bruno,"Eintracht Frankfurt, River Plate, Palmeiras"
Kenji Gonzales,"Chelsea, Norwich City, Liverpool, Real Sociedad, Paris Saint-Germain"
Ciro Tchouaméni,"AZ Alkmaar, Sevilla"
Mateo Martinez,"Inter Milan, Norwich City, Cagliari"
Paul Bakker,"Al-Ahli, Al-Ittihad, Chelsea"
Jakub Torres,"Sheffield United, Barcelona, Al-Ettifaq, Sevilla"
Oliver Wilson,"Athletic Bilbao, Monaco, PSV Eindhoven, Strasbourg"
Julian Garcia,"Athletic Bilbao, Al-Hilal, Newcastle United, Real Betis"
Alexander Müller,"Burnley, Inter Milan, Celta Vigo"
Noah Alvarez,"Rennes, Getafe"
Declan Fischer,"Al-Ahli, Monaco, Al-Nassr, Feyenoord"
Eden Santos,"SS Lazio, Genoa, Osasuna, Norwich City"
Xavi Schneider,"Aston Villa, Feyenoord, Al-Hilal, Juventus, Chelsea"
Alexis Thomas,PSV Eindhoven
David Flores,"Santos, Borussia Mönchengladbach"
Benjamin Brown,"Valencia, Sunderland, LAFC, Girona, Al-Ahli"
Kenji Wagner,"Las Palmas, Manchester United, Flamengo, Nottingham Forest, Juventus"
Nicolò Nieuwenhuis,"Southampton, Stuttgart"
Lucas Van Dijk,"Manchester United, Newcastle United, Celta Vigo, Brighton & Hove Albion"
Sebastian Hernandez,"Parma, Strasbourg"
Elias Leroy,"Palmeiras, Chelsea, FC Porto, RB Leipzig, Norwich City"
Paul Romano,"Watford, AZ Alkmaar, Everton, Juventus"
Gavi Alvarez,"RB Leipzig, Fulham, Barcelona"
Bruno Leroy,Torino
Benjamin Schmidt,"VfL Wolfsburg, Rayo Vallecano, Lyon, Leeds United, West Ham United"
Federico Rossi,Newcastle United
Eden Visser,"Bournemouth, Ajax, Inter Miami, Sunderland, Valencia"
Pedri Lopez,"Manchester United, Al-Ahli"
Miklós Silva,"Arsenal, Marseille, Everton, Inter Milan"
Filip Lopez,"Schalke 04, Ipswich Town, Bournemouth, Benfica, Bayern Munich"
Phil De Bruyne,"Girona, Bologna, PSV Eindhoven, Hellas Verona, Borussia Dortmund"
Felix David,"Empoli, Barcelona, West Ham United, Rayo Vallecano, PSV Eindhoven"
Elias Garcia,"SS Lazio, Al-Nassr, Schalke 04, Celta Vigo"
Kevin Vasquez,"Athletic Bilbao, AS Roma, AC Milan"
Virgil Leroy,"Bayer Leverkusen, Empoli, Atalanta, Valencia"
Dominik Moreau,"Inter Miami, VfL Wolfsburg"
Jakub Dubois,"Bayern Munich, Manchester United"
Sandro Roux,"Boca Juniors, Ajax, SS Lazio"
Liam Davies,"Atalanta, Lille"
Dominik Williams,"Atlanta United, Al-Ahli, Marseille"
Felix Moreau,"River Plate, São Paulo, Watford, Wolverhampton, SS Lazio"
Rafael Bertrand,"LAFC, Southampton"
Xavi Rossi,"Flamengo, Strasbourg, VfL Wolfsburg, LAFC, Feyenoord"
Lucas Torres,Leicester City
Daniel Rossi,"Watford, Atlanta United, Wolverhampton"
Benjamin Ricci,"Sevilla, Nice, Udinese, Bayern Munich, Atalanta"
Paul Becker,"Manchester City, São Paulo, Lyon"
Arthur Alvarez,"AC Milan, Nottingham Forest"
Josko Laurent,"Lyon, Lille"
David Rojas,"Manchester City, Columbus Crew, Chelsea, Tottenham Hotspur"
Gavi De Jong,"Palmeiras, Bournemouth"
Giorgio Ricci,"Nice, Monaco, Sheffield United, Udinese"
Gonçalo Bianchi,Fiorentina
Felix Flores,"PSV Eindhoven, Valencia"
Diogo Nieuwenhuis,Ajax
Igor Taylor,"Osasuna, Stuttgart, Brentford, Borussia Mönchengladbach, Sevilla"
Louis Martinez,"Al-Ittihad, Real Sociedad"
Amir Roux,"Atalanta, Chelsea, Mallorca, Atlanta United"
Alexis David,Villarreal
Ciro Fernandez,"Genoa, Watford, Bayern Munich"
Lucas Weber,"Villarreal, Empoli, São Paulo, SC Freiburg"
Bernardo Vasquez,"Inter Miami, Las Palmas, Lille"
Jonas De Bruyne,"Mallorca, Leicester City, Udinese"
Ivan Flores,Southampton
Oliver Williams,"Fulham, Wolverhampton, Monaco"
Stefan Sanchez,Aston Villa
Declan Perez,"Nice, Feyenoord"
Martin Diaz,Al-Nassr
Daniel Sanchez,Parma
Phil Roberts,"Crystal Palace, Al-Ettifaq"
Sebastian Bruno,"Feyenoord, VfL Wolfsburg, Norwich City"
Cody Wagner,"Everton, Torino, Sheffield United, RB Leipzig, Arsenal"
Sebastian Williams,"Las Palmas, West Ham United"
Sandro Mainoo,"Al-Ittihad, Nottingham Forest"
Oliver Taylor,"Valencia, Columbus Crew"
Miklós Smith,"PSV Eindhoven, Paris Saint-Germain, Real Betis, Rennes"
Jakub Michel,"Bologna, LAFC, Espanyol"
Dominik Silva,"Rayo Vallecano, Columbus Crew, Leeds United"
Benjamin Gonzales,Eintracht Frankfurt
Gonçalo Gonzales,"Columbus Crew, Parma, Leicester City, Braga, Flamengo"
Virgil Santos,Sevilla
Gianluigi Fischer,"Udinese, Cagliari, Atlanta United"
Sven Schulz,"Sevilla, Schalke 04, Atlanta United, Norwich City"
Miklós Jones,Al-Hilal
Diogo Laurent,"Bayer Leverkusen, Valencia, Santos, AS Roma"
Virgil Alvarez,"LAFC, Columbus Crew"
Mateo Moreno,"Genoa, Feyenoord, Wolverhampton"
Julian Lefebvre,"Wolverhampton, Paris Saint-Germain"
Lukas Evans,Bournemouth
Thibaut Van Dijk,"Mallorca, Atalanta"
Sven Dubois,"Real Madrid, Lille"
Hiroshi Roberts,"Borussia Mönchengladbach, RC Lens"
Axel Smith,"Sporting CP, Everton, Cagliari, Manchester United"
Benjamin Ferrari,"RC Lens, Real Betis, West Ham United, Espanyol"
Xavi Santos,"Feyenoord, Leeds United, Atalanta"
Alessandro Vasquez,"Rayo Vallecano, Atalanta, Inter Miami, Fiorentina, Al-Hilal"
Adrian Marino,"Bayern Munich, Fulham, Bournemouth, Udinese, Fiorentina"
Jan Ferrari,"Sevilla, PSV Eindhoven"
Nicolò Bianchi,"Santos, Villarreal, Al-Ittihad, Norwich City, Southampton"
Miklós Müller,"Borussia Mönchengladbach, Marseille"
Rafael Bakker,Inter Milan
Elias Ferrari,VfL Wolfsburg
Xavi Bertrand,"LA Galaxy, Mallorca, Fulham, Udinese, Inter Milan"
Jonas Meyer,"Empoli, Boca Juniors"
Ethan Van Dijk,"Barcelona, PSV Eindhoven"
Youssef Rossi,"Sevilla, RC Lens, Werder Bremen, Watford"
Kwame Gonzales,"VfL Wolfsburg, São Paulo"
Dries Santos,"Las Palmas, Athletic Bilbao, West Ham United"
Virgil Greco,"Leeds United, Rennes, Torino, Flamengo, Sevilla"
Nicolas Meyer,"Osasuna, Watford, Al-Nassr, RC Lens"
Arthur Vasquez,"Bournemouth, Nottingham Forest, Crystal Palace"
Tiago Bellingham,"Fiorentina, West Ham United, Sevilla, Inter Miami"
Gavi Bellingham,Feyenoord
Gianluigi Garcia,"Everton, Inter Miami, Al-Ettifaq, Southampton, Eintracht Frankfurt"
Benjamin Hernandez,"Wolverhampton, Manchester United"
João Colombo,"Leicester City, SS Lazio, Atalanta"
Benjamin Nieuwenhuis,"Schalke 04, Everton, VfL Wolfsburg, AC Milan"
Federico Sanchez,"Udinese, Leeds United"
Gabriel Thomas,"Chelsea, Barcelona, Flamengo, Celta Vigo"
Luka Rossi,"Inter Milan, Columbus Crew, PSV Eindhoven"
Kwame Nieuwenhuis,Sporting CP
Romelu Bellingham,Chelsea
Maximilian Lopez,"Celta Vigo, Nice"
Xavi Silva,"Al-Ittihad, Leicester City, Nice"
Louis Dubois,"Wolverhampton, Werder Bremen"
Alexander Wagner,"Lyon, Fiorentina, SC Freiburg"
Iker Smith,"Columbus Crew, RC Lens"
Igor Esposito,"Valencia, Las Palmas"
Thibaut Diaz,"Udinese, Brentford, RC Lens"
Darwin Bakker,"Athletic Bilbao, Sheffield United, Newcastle United, Chelsea"
Jan Davies,"LAFC, Atlanta United, Real Madrid, Al-Hilal, Braga"
Jakub Schulz,"Bayer Leverkusen, Crystal Palace, AZ Alkmaar"
Gianluigi Schneider,"SC Freiburg, Brentford"
Jakub Brown,"Athletic Bilbao, Eintracht Frankfurt, Inter Miami"
Iker Ferrari,"Juventus, RC Lens, Columbus Crew, Sunderland"
Oliver Ramirez,Brentford
Declan Martinez,Osasuna
Alexander Schulz,"Genoa, LA Galaxy, Marseille, Leeds United"
Pedri Evans,"Napoli, LAFC"
Pedri Perez,"AC Milan, Benfica, Bournemouth"
Marco Schulz,"Las Palmas, Hellas Verona"
William Rodriguez,"Burnley, Aston Villa, Newcastle United, Liverpool"
Stefan David,"Al-Hilal, Lyon, Mallorca, Bournemouth, Al-Ittihad"
Gianluigi De Jong,LA Galaxy
Jakub Hernandez,"Braga, Genoa, Brentford, Brighton & Hove Albion"
Memphis Laurent,"Aston Villa, Monaco"
Nathan Davies,"Brentford, Sporting CP, Mallorca"
Jonas Müller,"Arsenal, Benfica, Chelsea, Marseille"
Axel Musiala,"Santos, Celta Vigo, Al-Ettifaq, Atlanta United"
Liam Wagner,"Liverpool, Rennes, Fiorentina"
Frenkie Van Dijk,"Leeds United, Fiorentina, FC Porto, Inter Miami, Lille"
Sandro Rojas,"LAFC, PSV Eindhoven, Bologna"
Eden Williams,"AS Roma, Fiorentina, Bayer Leverkusen, Bologna, Palmeiras"
Mikel Schneider,"Villarreal, Cagliari"
Gabriel Bertrand,"Columbus Crew, Schalke 04, Al-Ahli, Sunderland"
Alessandro Bianchi,"Feyenoord, Atlanta United, Leeds United, São Paulo, Monaco"
Samuel Wilson,"Leicester City, AC Milan, Newcastle United, RB Leipzig"
Mateo Ramirez,"Arsenal, Girona, Lille, Sporting CP, Sunderland"
Miklós Esposito,"Newcastle United, Valencia, LA Galaxy, São Paulo"
Pedri Bellingham,"Stuttgart, FC Porto, Juventus, Barcelona"
Ciro Romano,"Al-Hilal, Columbus Crew, Manchester United, Barcelona"
William David,"Al-Hilal, Columbus Crew"
Oliver Hoffmann,"Columbus Crew, AS Roma"
Sandro Torres,"Brentford, Bournemouth"
Mateo Becker,Athletic Bilbao
Lukas Perez,Girona
Dries Colombo,"Aston Villa, Al-Ittihad, Rennes, Real Madrid"
Bernardo Bruno,"Athletic Bilbao, Real Madrid, Napoli"
Declan De Jong,"Paris Saint-Germain, Chelsea, Braga, Borussia Mönchengladbach, Brighton & Hove Albion"
Iker Camavinga,Napoli
Rasmus Romano,"Brentford, Genoa, Brighton & Hove Albion, Borussia Mönchengladbach"
Daniel Van Dijk,"Schalke 04, Liverpool, Leicester City"
Dimitri Torres,"Genoa, Atlanta United, Atalanta, Espanyol"
Mikel Van Dijk,Valencia
Virgil Evans,"SS Lazio, Manchester City, Aston Villa, Al-Ahli, Southampton"
Giorgio Rodriguez,"Torino, Fulham, RB Leipzig, Sheffield United, Bayer Leverkusen"
Igor Diaz,"Borussia Mönchengladbach, Burnley, Udinese, Real Betis, Leeds United"
Noah Becker,"Villarreal, Napoli, Newcastle United, Al-Ahli, Wolverhampton"
Oliver Davies,"Borussia Mönchengladbach, Getafe, Arsenal, Inter Milan"
Darwin Williams,"Chelsea, Real Madrid, Sheffield United, Barcelona"
Bernardo Nieuwenhuis,"Al-Ettifaq, Torino"
David Torres,"Tottenham Hotspur, Southampton"
William Tchouaméni,AC Milan
Cody Lopez,"Parma, Lyon, Al-Ittihad"
Dries Hernandez,Liverpool
Amir Colombo,"AS Roma, RB Leipzig, Getafe, Tottenham Hotspur"
Marco Rodriguez,"Liverpool, Monaco"
Lukas Davies,"FC Porto, Schalke 04, Fiorentina, Lyon"
Amir De Jong,Santos
David Musiala,Celta Vigo
Maximilian Rojas,"Tottenham Hotspur, Atlanta United, Al-Ittihad"
Thibaut Santos,"Everton, SC Freiburg, River Plate"
Julian Flores,"Sporting CP, Mallorca, Nice, VfL Wolfsburg, Aston Villa"
Kofi Moreno,"Getafe, Borussia Dortmund, São Paulo"
Alexis Van Dijk,"Borussia Dortmund, Atletico Madrid, Manchester City, Burnley"
Iker Bellingham,"São Paulo, Ipswich Town, West Ham United, Sporting CP, Southampton"
Benjamin De Jong,"Ipswich Town, Marseille, Sunderland, Getafe, Feyenoord"
Filip Fischer,"Everton, Columbus Crew, Parma, Chelsea"
Thibaut Roux,"Barcelona, Atlanta United, Southampton, Borussia Dortmund, Strasbourg"
Gabriel Smith,"Rennes, Stuttgart"
Kenji Nieuwenhuis,Parma
Nicolò Gomez,"Palmeiras, AZ Alkmaar"
Noah Marino,"Juventus, Osasuna, Bayer Leverkusen"
Darwin Bianchi,"Werder Bremen, RC Lens, Valencia"
Phil Mainoo,"Bayern Munich, Atalanta"
Daniel De Bruyne,"Werder Bremen, Stuttgart, Strasbourg"
Bukayo Hernandez,"Feyenoord, Mallorca, Rayo Vallecano"
Tiago Müller,"Norwich City, Bologna, Real Sociedad, Villarreal, Stuttgart"
Hiroshi Fischer,"Napoli, Sporting CP, FC Porto, Norwich City, Palmeiras"
Martin Moreno,"Norwich City, Al-Ahli, Empoli"
Sandro Bellingham,"Athletic Bilbao, São Paulo, Bayer Leverkusen"
Lorenzo Visser,"Nottingham Forest, Inter Miami"
Kwame Schmidt,"Rennes, Santos"
Igor Nieuwenhuis,"Lille, Nice, Osasuna, SC Freiburg"
Gianluigi Simon,"Mallorca, Crystal Palace"
Dries De Bruyne,"Manchester United, Bayern Munich, Parma, Inter Milan, Sevilla"
Lukas Diaz,"Flamengo, São Paulo, Crystal Palace"
Hiroshi Ramirez,"Werder Bremen, Mallorca, Southampton, River Plate, Manchester City"
Jan Garcia,"Everton, Aston Villa, Newcastle United, Atalanta, Ajax"
Axel Müller,"Barcelona, Ajax"
Diogo Müller,"Bournemouth, Lille"
Lorenzo Rossi,"Sunderland, Inter Milan"
Martin Fernandez,"Liverpool, Monaco"
Xavi Diaz,Getafe
Martin Jones,"Barcelona, Osasuna"
Nicolas Silva,"Sporting CP, Real Sociedad"
Axel Bruno,"Atletico Madrid, Celta Vigo, Manchester City, Leicester City"
Jan Alvarez,"Strasbourg, Columbus Crew, Genoa, Bournemouth"
Sandro Weber,"Braga, Borussia Mönchengladbach"
Axel Smit,"Valencia, Bournemouth, Eintracht Frankfurt"
Oliver Greco,"River Plate, AS Roma"
Kevin Meyer,"Al-Ettifaq, Real Betis"
Alessandro Van Dijk,Al-Ahli
Gianluigi Schmidt,Udinese
João Greco,Borussia Mönchengladbach
Axel Roux,"Liverpool, Parma, Girona, Bologna"
Miklós Weber,"Las Palmas, Borussia Dortmund, Leeds United"
Louis Thomas,"AZ Alkmaar, Stuttgart, Rennes, VfL Wolfsburg, Watford"
João Martinez,"Liverpool, Al-Nassr"
Martin Bellingham,Girona
Igor Roux,"Real Betis, West Ham United"
Lukas Roberts,"Real Sociedad, Sunderland, Stuttgart, Fulham"
Louis Müller,Watford
Benjamin Torres,"River Plate, Burnley, Werder Bremen"
Federico Marino,"Wolverhampton, Werder Bremen"
Julian Ferrari,"Palmeiras, Mallorca"
Ivan Fernandez,"RB Leipzig, Everton, Juventus, Tottenham Hotspur, Sunderland"
Ciro Meyer,"Getafe, Hellas Verona, Burnley, Al-Nassr"
David Schmidt,"PSV Eindhoven, RC Lens"
Frenkie Smit,"Braga, Columbus Crew, Juventus, Lille"
Sandro Moreau,"Bayer Leverkusen, AZ Alkmaar, Stuttgart, Cagliari, River Plate"
Kevin Schneider,"SS Lazio, Sunderland, RB Leipzig, Eintracht Frankfurt, Southampton"
Lucas Wilson,Rennes
David Laurent,"Genoa, Real Madrid, Fiorentina, Brentford"
Rafael De Bruyne,"Columbus Crew, Bournemouth"
Jakub Lefebvre,"Udinese, Paris Saint-Germain"
Miklós Leroy,"Borussia Mönchengladbach, AS Roma, Bayer Leverkusen"
Memphis Marino,"Bayer Leverkusen, Southampton"
Romelu Martinez,"West Ham United, PSV Eindhoven"
Hugo Becker,"Crystal Palace, Bologna, Bayer Leverkusen"
Iker Lefebvre,Rennes
Kwame Colombo,"Lille, Borussia Dortmund, Chelsea, Fulham, Cagliari"
Bruno Taylor,"RB Leipzig, Sunderland, Aston Villa"
Hugo Rojas,"Mallorca, Everton, Brentford, SC Freiburg, Atletico Madrid"
Pedri Rodriguez,"AS Roma, Villarreal, São Paulo, Strasbourg"
Frenkie Romano,"Valencia, Rayo Vallecano, Fiorentina, Crystal Palace, São Paulo"
Gianluigi Jansen,Wolverhampton
Gavi Esposito,"LA Galaxy, Inter Miami, PSV Eindhoven, Mallorca"
Martin Bruno,"Juventus, Barcelona, Chelsea"
Noah Schulz,Tottenham Hotspur
Dries Bellingham,"Girona, Athletic Bilbao, Arsenal, Fulham, Leeds United"
Lucas Fischer,"River Plate, Fulham, Barcelona, Bayer Leverkusen"
Louis Nieuwenhuis,Leicester City
Dominik David,"Strasbourg, LA Galaxy, Fiorentina"
Ciro Musiala,"LAFC, Villarreal, Feyenoord, Sporting CP, Valencia"
Dominik Visser,"Rennes, Boca Juniors, Getafe"
Youssef Esposito,"Real Madrid, Eintracht Frankfurt, Inter Miami, AS Roma, Crystal Palace"
Giorgio Schulz,"Manchester United, West Ham United, Lyon"
Dimitri Bertrand,"Manchester City, Al-Ittihad"
João Laurent,"AC Milan, Marseille, Villarreal, Real Madrid"
Arthur De Jong,Boca Juniors
Rafael Gonzales,"AS Roma, Parma, Wolverhampton, AC Milan"
Cody Rodriguez,"Fiorentina, Nottingham Forest, Real Sociedad"
Xavi Dubois,"Atletico Madrid, AS Roma, Parma, Espanyol, Rayo Vallecano"
Dimitri Jones,"Leeds United, Rennes, Valencia"
Sven Sanchez,"Crystal Palace, Arsenal"
Kwame Ricci,"Sporting CP, Monaco, Liverpool"
Noah Jones,"Villarreal, Manchester City, Brighton & Hove Albion"
Lorenzo Gomez,Strasbourg
Alexander Taylor,"Juventus, Borussia Mönchengladbach"
Nicolas Weber,"Real Betis, Strasbourg, VfL Wolfsburg, Ipswich Town, Rayo Vallecano"
Memphis Fischer,"AZ Alkmaar, Boca Juniors"
Ivan Torres,"RC Lens, Barcelona, Al-Hilal, Rayo Vallecano"
Lucas Dubois,"Sporting CP, Leeds United, Al-Hilal"
Diogo Bakker,"Real Betis, Benfica, Al-Nassr"
Kevin Simon,"Santos, Real Sociedad"
Dominik Ferrari,"Espanyol, Bayer Leverkusen"
Felix Alvarez,Leicester City
Elias Ramirez,"Southampton, Wolverhampton, Inter Miami, Ipswich Town"
Kenji Esposito,"Nice, Espanyol, Al-Ettifaq"
Eden Diaz,"LA Galaxy, Paris Saint-Germain, Real Madrid, Al-Nassr, Athletic Bilbao"
João Smith,"Norwich City, Bologna, Fulham, Crystal Palace"
Lucas Schneider,"Sheffield United, Eintracht Frankfurt, Bayer Leverkusen, FC Porto"
Virgil Moreno,"Atlanta United, Al-Nassr, Napoli"
Alexis Rossi,"Al-Ittihad, Sheffield United, Arsenal, River Plate, Sunderland"
Igor Simon,Borussia Mönchengladbach
Bruno Rojas,Tottenham Hotspur
Stefan Bakker,"Eintracht Frankfurt, Osasuna, Watford, Inter Miami, Sheffield United"
Romelu Lopez,Feyenoord
Martin Marino,"Arsenal, Manchester United, Borussia Dortmund"
Jakub Rojas,"Al-Ahli, FC Porto, LAFC"
Axel Garcia,"Inter Miami, Paris Saint-Germain, Lille, Real Betis"
Noah Wagner,"Bournemouth, SS Lazio, Paris Saint-Germain"
Cody Simon,"RC Lens, Monaco, Celta Vigo, Sevilla"
Giorgio Thomas,"Las Palmas, Real Madrid, Benfica, Brighton & Hove Albion"
Miklós Schneider,"Las Palmas, Arsenal, VfL Wolfsburg, Celta Vigo"
Axel Martinez,São Paulo
Sandro Simon,RB Leipzig
Josko Bellingham,"Boca Juniors, Newcastle United, Espanyol"
Bruno Williams,"Benfica, Watford, Aston Villa, Al-Ahli, Napoli"
Sebastian Esposito,"Borussia Dortmund, Bournemouth"
Amir Jones,"Sporting CP, Girona, AC Milan"
Arthur Michel,"LA Galaxy, Leeds United"
Kenji Hoffmann,"Al-Hilal, Lille, PSV Eindhoven, Fulham, Ipswich Town"
Benjamin Weber,"Newcastle United, Flamengo"
Virgil Bianchi,RB Leipzig
Josko Bertrand,"Nottingham Forest, Borussia Dortmund, Sporting CP, Strasbourg, Osasuna"
Sebastian Colombo,Cagliari
Jonas Tchouaméni,"Inter Miami, Bournemouth, Ajax"
Daniel Hernandez,"West Ham United, Atalanta"
Arthur Visser,"Norwich City, Borussia Dortmund, Columbus Crew, Feyenoord, Bologna"
Nicolas Bakker,"Atletico Madrid, Sunderland, Norwich City, Ajax"
William De Jong,"Atlanta United, Al-Ittihad, Fulham, Celta Vigo, FC Porto"
Sven Musiala,"Inter Milan, Valencia, AZ Alkmaar, Fiorentina"
Sebastian Moreno,Rennes
Mateo Musiala,Paris Saint-Germain
Samuel Van Dijk,"Lille, Inter Miami, Flamengo, Atalanta"
Marco Lopez,"Getafe, Real Sociedad, Werder Bremen"
Dries Becker,Manchester United
Dominik Moreno,"Genoa, Wolverhampton, Osasuna"
Bernardo Laurent,VfL Wolfsburg
Sven Hoffmann,"SS Lazio, Bournemouth, Brentford"
Lukas Sanchez,"VfL Wolfsburg, RC Lens"
João Flores,Las Palmas
Marco Brown,"Atletico Madrid, Nice, São Paulo, Leicester City, Celta Vigo"
Sandro Gomez,"Monaco, Al-Hilal, Schalke 04, Real Madrid, Lille"
Alexis Schulz,AS Roma
Alexis Esposito,"LAFC, Crystal Palace, Tottenham Hotspur"
Giorgio Silva,Borussia Dortmund
Noah Van Dijk,"AS Roma, Schalke 04, Manchester United"
Bruno Jones,"Benfica, Marseille"
Nicolas Fernandez,"Atletico Madrid, LA Galaxy, Al-Nassr, Southampton"
Louis Bakker,"SS Lazio, Arsenal"
Youssef Mainoo,"Eintracht Frankfurt, Lille"
Axel Evans,"Sporting CP, Inter Milan, Norwich City, VfL Wolfsburg, Real Betis"
Gonçalo Moreno,"Paris Saint-Germain, SS Lazio, Nice, Rayo Vallecano"
Gabriel Nieuwenhuis,Newcastle United
Kevin Taylor,"Al-Hilal, Southampton, Monaco"
Phil Dubois,"Atletico Madrid, Osasuna"
Alexander Wilson,Al-Ittihad
Jan Roux,"West Ham United, Inter Miami"
Gabriel Diaz,"Valencia, SS Lazio, Genoa"
William Rojas,"Inter Milan, Cagliari"
Jonas Schmidt,"Borussia Mönchengladbach, Osasuna, Parma, Crystal Palace"
Igor Silva,"Bayer Leverkusen, Leeds United, Everton, River Plate"
Ethan David,"Real Betis, Athletic Bilbao, SS Lazio, Newcastle United, Rayo Vallecano"
Elias Wagner,"Burnley, Napoli, Palmeiras"
Virgil Davies,"Borussia Dortmund, Inter Milan, Mallorca"
Samuel Fernandez,"AZ Alkmaar, Borussia Mönchengladbach"
Iker Thomas,"SC Freiburg, AZ Alkmaar, West Ham United, Newcastle United, Mallorca"
Igor Torres,"FC Porto, Stuttgart, São Paulo"
Chidi Moreau,Fulham
Stefan Wagner,"Getafe, Columbus Crew, Sporting CP"
Nicolò Mainoo,"Sheffield United, Feyenoord, Eintracht Frankfurt, VfL Wolfsburg, Arsenal"
Felix Fernandez,"Palmeiras, Al-Hilal, Lille"
Romelu Garnacho,"Arsenal, Borussia Dortmund, Norwich City"
Lukas Ramirez,"Inter Miami, Flamengo, Napoli"
Igor Weber,"Watford, Feyenoord, AS Roma, Sporting CP, RC Lens"
Declan Davies,"Valencia, Chelsea"
Bernardo Colombo,"Flamengo, Espanyol, Werder Bremen, Villarreal"
Sven Roberts,"Lyon, Bournemouth, Al-Hilal, Ipswich Town"
Nicolas Garnacho,"Celta Vigo, SS Lazio"
Noah Wilson,"SS Lazio, Werder Bremen, LAFC, Ipswich Town"
Nicolas Bellingham,"Al-Ettifaq, Tottenham Hotspur, Barcelona, LAFC"
Jakub Evans,"Manchester City, Brighton & Hove Albion, Girona"
Marco Meyer,"Udinese, Athletic Bilbao, Liverpool, Atalanta, Espanyol"
Daniel Schneider,"Werder Bremen, Atlanta United, Feyenoord, Flamengo, Espanyol"
Xavi Evans,"Villarreal, Manchester City, Liverpool, RB Leipzig"
Lorenzo Roberts,"Osasuna, Arsenal, Napoli, Al-Ittihad, Bologna"
Diogo Roux,"Al-Ittihad, Sunderland, Brentford, LAFC, Manchester City"
Jonas Williams,"Celta Vigo, LAFC"
Maximilian Vasquez,"Hellas Verona, Everton, FC Porto"
Declan Moreno,Nottingham Forest
Jan Ricci,"Al-Ahli, Parma, Wolverhampton"
Arthur Van Dijk,"Arsenal, Sunderland, Fiorentina, Brighton & Hove Albion"
Phil Simon,Leicester City
Arthur Evans,Wolverhampton
Romelu Ramirez,"Celta Vigo, Al-Ittihad, Sunderland, Mallorca"
Giorgio Esposito,"Leeds United, Rennes, Werder Bremen, FC Porto"
Hiroshi Rossi,"RC Lens, Atletico Madrid, LA Galaxy"
Gavi Camavinga,"Liverpool, Nice, Newcastle United, Santos"
Josko Flores,"Borussia Dortmund, Juventus, Benfica, Nice, Al-Ettifaq"
Samuel Martinez,"Sheffield United, Werder Bremen, Celta Vigo, São Paulo, Southampton"
Stefan Martinez,"RC Lens, Schalke 04, Ipswich Town, Espanyol, Werder Bremen"
Bernardo Smit,"Liverpool, Las Palmas, Villarreal, Lille, Tottenham Hotspur"
Filip Sanchez,"West Ham United, Ajax, Torino, Ipswich Town, Napoli"
Sebastian Ferrari,"Sunderland, Al-Ahli, Osasuna, Atalanta"
Julian Rodriguez,Inter Miami
Mateo Gomez,"Sunderland, Columbus Crew, Atlanta United"
William Gomez,Al-Hilal
Jonas De Jong,Torino
Josko Marino,River Plate
Bukayo Rodriguez,"Cagliari, Sevilla"
Arthur Gomez,"West Ham United, Rennes, Sporting CP, Monaco, Schalke 04"
Nathan Wagner,"Stuttgart, Palmeiras, Ipswich Town, Wolverhampton"
Paul Wagner,"Ajax, River Plate, Chelsea, Sevilla, Genoa"
Memphis Rodriguez,Rennes
Liam Silva,"Getafe, Genoa, Bologna"
Stefan Laurent,"São Paulo, Mallorca"
Ivan Roberts,"Fiorentina, FC Porto, Crystal Palace"
João Hoffmann,"River Plate, Monaco"
Gavi Garcia,"Al-Ettifaq, Chelsea, Feyenoord, Bayern Munich, Crystal Palace"
Eden Wilson,"SS Lazio, RC Lens"
Martin Musiala,"Ajax, Cagliari, River Plate, Bournemouth"
Declan Smit,"Southampton, Fulham"
Ethan Weber,Nottingham Forest
Thibaut Schneider,"Nottingham Forest, Lyon, VfL Wolfsburg, LAFC, Arsenal"
Amir Fischer,"Lille, Bayern Munich"
Sven Schmidt,"Norwich City, Genoa, Al-Ettifaq, Flamengo, VfL Wolfsburg"
Gabriel Hernandez,"Mallorca, Getafe, Wolverhampton, Braga"
Benjamin Rojas,"Ajax, Braga, Real Betis, Inter Miami"
Louis Visser,"AZ Alkmaar, Sporting CP, LA Galaxy, Real Sociedad, SS Lazio"
Gabriel Schmidt,"Columbus Crew, Al-Ettifaq, Southampton, Fiorentina"
Jakub Ramirez,"Boca Juniors, Girona, Leicester City"
Memphis Garcia,"Real Betis, Feyenoord, Inter Milan, Leeds United"
Diogo Marino,"Chelsea, Sheffield United, AS Roma"
Miklós Marino,"Schalke 04, Al-Ahli, Sheffield United"
Cody Greco,"SS Lazio, Santos, Osasuna"
Kwame Bakker,"VfL Wolfsburg, RB Leipzig, Bournemouth, Palmeiras, Barcelona"
Nicolas Marino,"Lyon, Al-Ittihad"
Bruno Moreno,"Strasbourg, Al-Ittihad, Everton, Braga"
Rasmus Bianchi,Real Betis
Phil Gonzales,"Espanyol, Athletic Bilbao, Atletico Madrid"
Jonas Smit,"Paris Saint-Germain, Sevilla, Al-Nassr"
Marco Dubois,"West Ham United, Manchester United"
Alessandro David,"Bayer Leverkusen, Inter Miami, River Plate, Nottingham Forest, Schalke 04"
Bukayo Davies,"Atletico Madrid, Tottenham Hotspur, AS Roma, AZ Alkmaar"
Noah Laurent,Inter Miami
Oliver Gomez,"Flamengo, RB Leipzig, Eintracht Frankfurt, Valencia, Inter Milan"
Hugo Bertrand,"SS Lazio, Boca Juniors, Lille, Inter Miami, VfL Wolfsburg"
Julian Santos,"Athletic Bilbao, Brentford"
Bruno Simon,Lille
Adrian Smit,Getafe
Rasmus Greco,"Bayern Munich, PSV Eindhoven, Al-Ittihad"
Sven Fischer,"Rennes, Nottingham Forest, Inter Miami"
Declan Evans,"Fiorentina, Strasbourg, Santos, Bologna"
Samuel Gonzales,Real Sociedad
Marco Smit,"Rayo Vallecano, Manchester United, Schalke 04, Real Betis, Barcelona"
Miklós Dubois,"Borussia Dortmund, Atalanta, Brentford, Paris Saint-Germain, Tottenham Hotspur"
Eden Taylor,"Inter Miami, Leeds United"
Jakub Jansen,"Ipswich Town, Espanyol"
Virgil Meyer,"Atalanta, AC Milan, Ipswich Town"
Lucas Becker,"Stuttgart, Werder Bremen"
Bernardo Müller,"Juventus, Napoli, Parma, Santos"
Noah Visser,Newcastle United
Adrian Michel,Chelsea
Jonas Gonzales,"Athletic Bilbao, Empoli, Inter Milan, Juventus, RC Lens"
Iker Alvarez,"Ipswich Town, Valencia, Atlanta United, Atletico Madrid"
Jakub Schneider,"Cagliari, Crystal Palace, Parma"
Ivan Bellingham,"Parma, Monaco"
Nicolas De Bruyne,"Napoli, Flamengo, Lyon, AZ Alkmaar"
Dominik Fischer,"Atlanta United, Chelsea, Newcastle United"
Jonas Bianchi,"Espanyol, Borussia Dortmund, Sporting CP"
Federico Smit,"SS Lazio, Chelsea"
Liam Ramirez,"Udinese, Al-Hilal, Bournemouth"
Mikel Martinez,"Fiorentina, Marseille, Nice, Al-Nassr, Fulham"
Kwame Wagner,"Sheffield United, Bournemouth, Al-Ettifaq, Udinese, Girona"
Lorenzo Jones,"Columbus Crew, Rennes, Al-Nassr, Monaco"
Declan Simon,"Monaco, Genoa, Boca Juniors, FC Porto, Real Betis"
Josko Ricci,"Inter Milan, PSV Eindhoven, Marseille, Getafe, West Ham United"
Bruno Garnacho,Real Betis
Gabriel Jansen,"Marseille, Ajax, Santos"
Jonas Ramirez,"Boca Juniors, Barcelona"
Gianluigi Musiala,SS Lazio
Declan Fernandez,"Bayern Munich, Wolverhampton, Juventus, PSV Eindhoven, Nottingham Forest"
Frenkie Simon,AZ Alkmaar
Nicolò Roberts,"RC Lens, Barcelona, Valencia, Sporting CP, FC Porto"
Alexis Musiala,Rayo Vallecano
Alexander Romano,"FC Porto, Nottingham Forest, West Ham United, Al-Hilal"
Federico Rojas,"Paris Saint-Germain, Flamengo, Cagliari, Schalke 04"
Axel Weber,River Plate
Federico Greco,"Genoa, Bologna, SS Lazio, Feyenoord, Ipswich Town"
Dries Torres,"Palmeiras, Norwich City"
Ciro Bianchi,Girona
Kevin Tchouaméni,"Espanyol, Paris Saint-Germain"
Chidi Bakker,"Feyenoord, Chelsea, Brentford"
Alexander Bakker,"Rennes, Juventus, Inter Milan, Fulham"
Ethan Flores,"RB Leipzig, Watford, Ipswich Town, Leicester City"
Benjamin Greco,"Everton, Strasbourg, AZ Alkmaar, Osasuna, Leicester City"
Kwame Perez,"Crystal Palace, Hellas Verona, SS Lazio"
Paul Visser,"Nice, Torino"
Gabriel Laurent,"Crystal Palace, LA Galaxy"
Youssef Fernandez,"Torino, Rennes, Rayo Vallecano, Juventus"
Arthur Gonzales,"Tottenham Hotspur, Inter Miami, AS Roma, Flamengo"
Eden Vasquez,"Tottenham Hotspur, Bologna, Bournemouth, Lyon, São Paulo"
Arthur Garnacho,"Fulham, Palmeiras, Boca Juniors, Las Palmas, Bournemouth"
Maximilian David,"Liverpool, Southampton"
Memphis Santos,"Sunderland, Braga"
Nicolas Gomez,"Leeds United, Arsenal, Genoa, Newcastle United, Barcelona"
Dries Müller,"Sporting CP, Sevilla, Southampton, Bayer Leverkusen, Eintracht Frankfurt"
Gonçalo Greco,Norwich City
Oliver Tchouaméni,"Real Sociedad, Las Palmas, Paris Saint-Germain"
Liam Jones,"Valencia, Crystal Palace, West Ham United, Juventus, Real Betis"
Ivan Garcia,Parma
Liam Müller,"Athletic Bilbao, Al-Ahli, Girona, Manchester United"
Josko Ramirez,"Bayer Leverkusen, LAFC"
Sven Bakker,"Sheffield United, Ipswich Town"
William Sanchez,"Paris Saint-Germain, Werder Bremen, Sheffield United, Manchester United"
Bukayo Taylor,"Stuttgart, AC Milan, Sunderland"
Phil Leroy,"Flamengo, Napoli"
Miklós Tchouaméni,"Newcastle United, SC Freiburg"
Paul Tchouaméni,"SS Lazio, Brentford, Atalanta"
Miklós Mainoo,"LAFC, Bournemouth, Eintracht Frankfurt, River Plate"
Giorgio Tchouaméni,"AS Roma, Al-Ahli, Nottingham Forest, Hellas Verona"
Kevin Nieuwenhuis,"AS Roma, Stuttgart"
João Silva,"Schalke 04, West Ham United, Leicester City, FC Porto"
Louis Brown,"Feyenoord, Bologna"
Daniel Dubois,"Aston Villa, Boca Juniors, Villarreal"
Nicolas Fischer,"Marseille, Wolverhampton, LA Galaxy, Ipswich Town"
Gianluigi Dubois,"Columbus Crew, Rennes, Chelsea, Lyon"
Giorgio Camavinga,"Espanyol, Parma, Ajax"
Mikel Tchouaméni,"River Plate, Schalke 04, Bournemouth"
Lucas Esposito,RC Lens
Rasmus Roberts,"Parma, Inter Miami, Rennes, Al-Ettifaq, Al-Hilal"
Virgil Tchouaméni,"Hellas Verona, Columbus Crew, Brighton & Hove Albion, Al-Hilal, Benfica"
Jan Sanchez,"Burnley, Espanyol, Schalke 04"
Kevin Roux,"Borussia Dortmund, Watford, Schalke 04, Palmeiras"
Mateo Roux,"Genoa, Boca Juniors, Ipswich Town"
Martin Hernandez,"Eintracht Frankfurt, Strasbourg, Werder Bremen, Inter Milan"
Declan Mainoo,"RB Leipzig, Eintracht Frankfurt, Al-Ettifaq, Wolverhampton"
Adrian Rossi,"Monaco, Watford, Eintracht Frankfurt, Atlanta United, Brighton & Hove Albion"
Alexander Moreau,"Al-Ahli, Feyenoord"
Iker Greco,"Villarreal, Al-Ahli, Hellas Verona, Marseille, Brighton & Hove Albion"
Bernardo Marino,"Girona, Sheffield United, VfL Wolfsburg"
William Moreno,"LAFC, Monaco, Mallorca, Santos, Juventus"
Filip Taylor,"Monaco, Manchester United, Atalanta, AS Roma, Sunderland"
Amir Gomez,"Sheffield United, Werder Bremen, Flamengo"
Iker Jones,"Sunderland, AS Roma, Paris Saint-Germain, Barcelona, Al-Hilal"
Nicolas Thomas,"Manchester United, Lyon, Al-Nassr, Juventus, Fiorentina"
Mateo Fischer,"Lyon, Valencia, Bournemouth, Strasbourg"
Tiago De Bruyne,"Las Palmas, Barcelona, Arsenal"
Jonas Hoffmann,"Nottingham Forest, Braga, SC Freiburg, Monaco, Ipswich Town"
David De Jong,"Borussia Dortmund, Sunderland, Crystal Palace, Watford, Stuttgart"
Chidi Sanchez,"Real Betis, Hellas Verona, Manchester United"
Tiago Ferrari,"Manchester United, Atletico Madrid"
Paul Ricci,"Atletico Madrid, AC Milan, Bayern Munich, LA Galaxy, VfL Wolfsburg"
Hugo Müller,"Udinese, Sevilla, Chelsea, Bournemouth"
Declan Weber,"Al-Ittihad, AZ Alkmaar"
Nicolas Wagner,Brighton & Hove Albion
Frenkie Bruno,"VfL Wolfsburg, Nottingham Forest, Al-Ittihad, Paris Saint-Germain, Bayern Munich"
Mikel Vasquez,"Arsenal, Mallorca, Empoli, Southampton"
Arthur Moreno,"Lyon, Boca Juniors, Napoli"
Romelu Gonzales,"Palmeiras, Nice, RB Leipzig"
Romelu Roux,"Torino, Osasuna, Real Madrid, Sunderland, Tottenham Hotspur"
Sven Bianchi,"Atalanta, LAFC, Sporting CP, Osasuna, Schalke 04"
Bukayo Bianchi,"Napoli, Empoli, Santos, Sevilla, River Plate"
Martin Wagner,"RB Leipzig, Southampton"
Felix Hoffmann,"PSV Eindhoven, Celta Vigo, Paris Saint-Germain"
Oliver Müller,"AZ Alkmaar, Newcastle United"
Benjamin Wilson,Valencia
Lucas Visser,"PSV Eindhoven, Napoli"
Nicolò Brown,Rayo Vallecano
Elias Nieuwenhuis,"Napoli, Udinese"
Felix Silva,"Empoli, SC Freiburg"
Louis Marino,"Athletic Bilbao, Fulham, VfL Wolfsburg"
Jakub Williams,"Manchester United, LAFC, Tottenham Hotspur, Norwich City, Fulham"
Adrian Davies,"West Ham United, AZ Alkmaar, Arsenal, Feyenoord, Real Sociedad"
Declan Sanchez,Genoa
Julian Sanchez,"Getafe, AC Milan, Las Palmas, Borussia Mönchengladbach, Leeds United"
Mateo Camavinga,"Palmeiras, Bayern Munich"
Kevin Visser,Sporting CP
Lukas Romano,"Bayer Leverkusen, Valencia, Las Palmas, Atlanta United"
Bukayo Weber,"Tottenham Hotspur, Genoa, Wolverhampton, Monaco"
Elias Sanchez,"Boca Juniors, Sporting CP, LAFC, Hellas Verona, Genoa"
Thibaut Martinez,"Sheffield United, Al-Ettifaq, Torino, Nottingham Forest, AZ Alkmaar"
Benjamin David,"Watford, Torino"
Jakub Garnacho,"Sheffield United, Brentford, Valencia, Burnley, Wolverhampton"
Ciro Garnacho,"Atletico Madrid, LAFC, SS Lazio, Sunderland, Manchester City"
Dries Ferrari,"Ipswich Town, PSV Eindhoven, Real Madrid, Espanyol, Lille"
Dimitri Mainoo,"Athletic Bilbao, Sevilla, Lyon, Real Sociedad, Mallorca"
Sven Thomas,"Juventus, Real Betis"
Ciro Nieuwenhuis,"Al-Ettifaq, Inter Miami, Newcastle United, Sheffield United, Udinese"
Alexander Brown,"Burnley, Torino, Fulham, Leeds United, Everton"
Bruno Schmidt,"Bayer Leverkusen, Flamengo, VfL Wolfsburg, Eintracht Frankfurt, Inter Miami"
David Evans,"Al-Nassr, Valencia, Tottenham Hotspur, Nice"
Nicolò Visser,"Southampton, Wolverhampton"
Samuel Ricci,"LA Galaxy, Santos, Inter Miami, Crystal Palace"
Noah Fischer,"Borussia Mönchengladbach, RC Lens, Al-Ahli, Bayer Leverkusen, Stuttgart"
Luka Jansen,"Torino, Bologna, Al-Ahli, Athletic Bilbao, Al-Hilal"
Diogo Brown,"PSV Eindhoven, Werder Bremen"
Noah Davies,Osasuna
Iker Gomez,"Santos, Monaco, Valencia, Newcastle United, Hellas Verona"
Benjamin Romano,"Athletic Bilbao, LA Galaxy"
Ciro Sanchez,Boca Juniors
Felix Mainoo,"Boca Juniors, LA Galaxy"
Alexis Rodriguez,Real Madrid
Martin Davies,Monaco
Romelu Van Dijk,Athletic Bilbao
Phil Nieuwenhuis,RC Lens
Marco David,"Bayer Leverkusen, Columbus Crew, FC Porto, Tottenham Hotspur"
Liam Flores,"Palmeiras, Atlanta United, Braga, Liverpool, Newcastle United"
David Greco,"Manchester United, Southampton, Sheffield United, Chelsea"
Maximilian Evans,Real Betis
Axel Greco,"Athletic Bilbao, Werder Bremen, Aston Villa"
Frenkie Schulz,"Manchester United, Wolverhampton, Flamengo, River Plate, Rayo Vallecano"
Samuel Bianchi,Monaco
Samuel Alvarez,"Rayo Vallecano, Genoa, Southampton, Bournemouth, Paris Saint-Germain"
Jonas Ricci,"Inter Miami, Genoa, Santos"
Alessandro Romano,"Boca Juniors, Al-Hilal"
Lorenzo Nieuwenhuis,Boca Juniors
Elias Meyer,"Napoli, Cagliari"
Oliver Alvarez,West Ham United
Nathan Martinez,"Nottingham Forest, Empoli, Strasbourg, Leeds United"
Louis Gonzales,"Inter Miami, Leicester City, Parma, Napoli"
Giorgio Fernandez,"Celta Vigo, Southampton, Rayo Vallecano, VfL Wolfsburg"
Darwin Ramirez,"Sevilla, Las Palmas, Leeds United"
Phil Silva,"Al-Ittihad, Al-Nassr"
Kenji Lopez,"Everton, Nottingham Forest"
Gianluigi Roux,"Napoli, River Plate, Real Sociedad"
Dries Williams,"Girona, Borussia Dortmund"
Igor Bertrand,"Arsenal, Newcastle United, Chelsea, Lyon"
Mateo Laurent,"Celta Vigo, Manchester City, Udinese, AS Roma, Osasuna"
Dominik Ricci,"Manchester United, West Ham United, Paris Saint-Germain, Brentford"
Ethan Bertrand,Watford
Eden Roux,Getafe
Sebastian Martinez,"Empoli, VfL Wolfsburg, Osasuna"
Xavi Schulz,"São Paulo, AS Roma"
Paul Flores,"Brentford, Bournemouth"
Luis Colombo,"Napoli, Al-Nassr, Rennes, Girona"
Sven Rodriguez,"Nottingham Forest, Lyon"
Igor Lefebvre,"Parma, Wolverhampton, Leicester City, Cagliari"
Lorenzo Hernandez,"Espanyol, Tottenham Hotspur, Al-Ittihad, Bayern Munich, Bournemouth"
Hugo Hoffmann,"Feyenoord, Paris Saint-Germain, Brentford"
Dominik Bertrand,Girona
Lucas Fernandez,"Nice, Espanyol, Schalke 04"
Gianluigi Weber,"Arsenal, Sevilla, Getafe, Sporting CP, Al-Nassr"
Benjamin Rossi,"Chelsea, Girona"
Lucas Schulz,"Eintracht Frankfurt, Juventus, River Plate, RC Lens, VfL Wolfsburg"
Maximilian Bertrand,"Torino, Al-Ahli, Nottingham Forest, AC Milan, Genoa"
Mikel Musiala,"Manchester United, SS Lazio, Genoa"
Hugo Alvarez,"Borussia Mönchengladbach, Rayo Vallecano"
Liam De Bruyne,"Monaco, Mallorca, Getafe, Celta Vigo"
Jan Bakker,"Rennes, Real Betis, Nice, Marseille, Newcastle United"
Martin Roux,Fulham
Mateo Evans,"Crystal Palace, SC Freiburg, Hellas Verona, Schalke 04"
Louis Ramirez,SS Lazio
Bukayo Fischer,Schalke 04
Sebastian Müller,"Al-Ahli, Al-Ittihad, Columbus Crew"
Ivan Jansen,"Udinese, West Ham United, Newcastle United, Leicester City, Torino"
Alexis Bakker,Ipswich Town
Josko Moreno,"Flamengo, Nottingham Forest"
Mateo Bakker,"Monaco, Torino"
Jan Santos,"Burnley, Everton, Brentford, Las Palmas, Schalke 04"
Noah Simon,"Sevilla, Bayern Munich, Sporting CP, Liverpool"
Gavi Garnacho,Real Madrid
Daniel Gomez,"SC Freiburg, Eintracht Frankfurt"
Luis Weber,"Rennes, Sporting CP"
Memphis Dubois,"Sporting CP, Borussia Dortmund, PSV Eindhoven, Crystal Palace, Mallorca"
Noah Colombo,"Al-Ettifaq, Nottingham Forest"
Lorenzo Michel,Cagliari
Dries Garcia,"Lille, AZ Alkmaar, Getafe, Burnley"
Xavi Wagner,"Lyon, Barcelona, Villarreal, Inter Miami, Genoa"
Diogo Ramirez,"Nice, São Paulo, FC Porto, Sporting CP"
Lukas Becker,RC Lens
Romelu Wagner,"Genoa, Inter Milan, Schalke 04, Getafe, Inter Miami"
Amir Michel,Mallorca
Chidi Alvarez,Torino
Nicolas Bruno,"Leeds United, Cagliari"
Lorenzo Schmidt,"Osasuna, Schalke 04, Southampton, Arsenal"
Josko Jansen,"Strasbourg, Chelsea"
Amir Dubois,"Wolverhampton, Columbus Crew, VfL Wolfsburg, Torino"
Daniel Schulz,Atletico Madrid
Diogo Smith,"Al-Ettifaq, SS Lazio"
Eden Silva,"Sheffield United, Getafe, Chelsea"
Igor Ferrari,"SC Freiburg, Manchester City, AS Roma, Villarreal, Boca Juniors"
Marco Torres,"Sevilla, Benfica, Brighton & Hove Albion, Norwich City"
Kwame Meyer,River Plate
Benjamin Visser,"Al-Ittihad, Las Palmas"
Alessandro Camavinga,"Columbus Crew, Schalke 04, Feyenoord, Chelsea, LA Galaxy"
Youssef Gomez,"Mallorca, SS Lazio, Stuttgart, Manchester United"
Declan Brown,"Feyenoord, Genoa, Las Palmas, Schalke 04"
Lorenzo Dubois,"Lille, Torino, Real Sociedad, RB Leipzig, Genoa"
Gianluigi Hoffmann,Valencia
Rafael Martinez,Nottingham Forest
Alessandro Brown,Al-Ahli
Nathan Ricci,"Al-Ittihad, Genoa"
Rasmus Garcia,"Newcastle United, Ipswich Town, Bayern Munich"
Rafael Schmidt,"Al-Nassr, AZ Alkmaar, Southampton, Manchester City"
Ivan Fischer,"Fiorentina, Rennes, Everton"
Gavi De Bruyne,Crystal Palace
Lorenzo Schneider,"Crystal Palace, Real Betis"
Nicolò Lefebvre,"Eintracht Frankfurt, SS Lazio, Crystal Palace, Valencia"
Axel Fischer,"Aston Villa, Santos"
Dries Ricci,"Columbus Crew, Torino, Atalanta, Werder Bremen"
Rafael Thomas,"River Plate, RB Leipzig"
Mikel Rodriguez,"Southampton, Getafe, River Plate, Fiorentina"
Gavi Vasquez,"Palmeiras, AC Milan"
Mikel Romano,"Crystal Palace, Aston Villa"
Arthur Brown,Burnley
Felix Becker,"Flamengo, São Paulo"
Samuel Rossi,"Fulham, Inter Milan, Brentford, Manchester United, Leicester City"
Pedri Jansen,"Werder Bremen, São Paulo, Stuttgart"
William Bruno,Arsenal
Josko Santos,Bayern Munich
Youssef Roux,"Al-Ettifaq, SS Lazio"
William Michel,West Ham United
David Jones,Athletic Bilbao
Miklós De Jong,"Celta Vigo, Parma, Bologna"
Gonçalo Jones,"Las Palmas, SC Freiburg, Burnley"
Marco Musiala,"RB Leipzig, Valencia"
Igor Ricci,"Crystal Palace, Brighton & Hove Albion, Braga"
Dries Schneider,"Benfica, Fiorentina, Rayo Vallecano"
Darwin Bertrand,"LAFC, West Ham United, Watford"
Oliver Flores,"Norwich City, Wolverhampton"
Josko De Bruyne,"LA Galaxy, Leicester City, Udinese, Torino, Boca Juniors"
Thibaut Wilson,"Sporting CP, Real Betis"
Gavi Jones,Bayern Munich
Ethan Hernandez,"River Plate, Inter Milan, Getafe, Chelsea, Girona"
Lucas Bruno,"Santos, Celta Vigo, Valencia, Inter Miami, Schalke 04"
Youssef Roberts,"Celta Vigo, Real Sociedad, Aston Villa"
Lucas Ramirez,"Fulham, Al-Ettifaq, Juventus, Torino, Bayern Munich"
Dries Romano,"Osasuna, Girona"
Dries Martinez,"Athletic Bilbao, Werder Bremen, Empoli, Al-Hilal, Fulham"
Virgil Bellingham,Aston Villa
Stefan Diaz,"Werder Bremen, Hellas Verona"
Alexis Schneider,"LAFC, Inter Milan, São Paulo, Ajax, Marseille"
Ivan Alvarez,"Everton, Real Sociedad, Sevilla, Borussia Dortmund, Nice"
Igor Greco,"Brighton & Hove Albion, Liverpool"
Paul Weber,"Athletic Bilbao, Lyon"
Darwin Thomas,"Udinese, Leeds United, Stuttgart, Espanyol, Marseille"
Nicolas Alvarez,AZ Alkmaar
Gianluigi Wilson,"Stuttgart, SC Freiburg"
Nicolò Evans,"West Ham United, Nottingham Forest"
Julian Brown,"Burnley, Arsenal"
Rasmus Visser,"Bayer Leverkusen, Parma, Genoa, Newcastle United"
Noah Rodriguez,"Feyenoord, Rennes, Sporting CP, Lyon, São Paulo"
Luis De Jong,"Nottingham Forest, Aston Villa, Lille, Leicester City"
Pedri Bruno,Rayo Vallecano
Giorgio Bakker,River Plate
Gabriel Moreno,"Sevilla, Real Sociedad"
Lucas Silva,"LA Galaxy, Palmeiras"
Alexander Marino,"Villarreal, Atlanta United, Paris Saint-Germain"
Oliver Esposito,Al-Hilal
Daniel Perez,AZ Alkmaar
Daniel Thomas,"Arsenal, Udinese, Schalke 04"
Tiago Torres,"Strasbourg, Paris Saint-Germain, Mallorca, Palmeiras"
Declan Van Dijk,Stuttgart
Martin Santos,"Palmeiras, Lyon, Flamengo"
Jonas Lefebvre,"Lille, Watford, Real Betis, West Ham United"
Declan Moreau,"Inter Milan, RC Lens"
Dominik Roberts,"Parma, Lyon, Stuttgart, PSV Eindhoven, Marseille"
Marco Van Dijk,"Al-Ahli, FC Porto, AZ Alkmaar, Borussia Mönchengladbach, River Plate"
Martin Perez,"Brentford, Fiorentina, São Paulo"
Giorgio Michel,"Empoli, Hellas Verona"
Oliver Garnacho,"Genoa, Bournemouth, Al-Hilal, Rennes"
Stefan Vasquez,Liverpool
Diogo David,"Monaco, Lyon, Sheffield United, Genoa, Aston Villa"
Ciro Marino,"Ipswich Town, River Plate"
Memphis Ricci,"SC Freiburg, Sevilla, Nottingham Forest"
Frenkie Becker,Sporting CP
Samuel De Bruyne,"Inter Milan, RC Lens, Sheffield United"
Oliver Torres,"Braga, São Paulo, AZ Alkmaar, Lille, West Ham United"
Hiroshi Sanchez,"Al-Ettifaq, Paris Saint-Germain, AS Roma, Tottenham Hotspur, Parma"
Mikel De Jong,"SC Freiburg, Paris Saint-Germain, Ipswich Town"
Gonçalo Becker,"Borussia Mönchengladbach, Chelsea, Sevilla"
Axel Jansen,"Arsenal, Monaco"
Elias Vasquez,"Eintracht Frankfurt, Arsenal, Al-Nassr"
Bukayo Moreau,"Al-Nassr, Atalanta"
Eden Meyer,Hellas Verona
Louis Evans,"Osasuna, Bayern Munich"
Arthur Musiala,"Valencia, Inter Miami, River Plate, Osasuna, Arsenal"
Xavi Visser,"Sheffield United, Leeds United, Al-Hilal, Las Palmas, Al-Ettifaq"
Daniel Moreno,"Ipswich Town, Inter Milan, Schalke 04, Santos"
Ethan Romano,"AZ Alkmaar, Al-Ittihad, Columbus Crew, Everton, Liverpool"
Martin Williams,"Manchester United, FC Porto, Liverpool, Sevilla"
Lukas Michel,Atlanta United
Memphis Perez,"Paris Saint-Germain, Sevilla, Al-Ahli, Aston Villa"
Alexander De Jong,"Al-Ittihad, Benfica, Liverpool"
Chidi Musiala,"Al-Ittihad, Real Betis, Celta Vigo"
Gabriel Rojas,"Stuttgart, Bayer Leverkusen, SS Lazio, Paris Saint-Germain, Lyon"
Ciro Evans,"Bologna, Southampton, Rennes, Girona"
Hiroshi Van Dijk,SS Lazio
Daniel Bakker,"Bayern Munich, Watford"
Chidi Camavinga,Atletico Madrid
Amir Esposito,Wolverhampton
Alexis Moreau,"Al-Ahli, Sheffield United"
Benjamin Bertrand,"Atletico Madrid, River Plate, Santos"
João Leroy,"VfL Wolfsburg, Flamengo, Espanyol"
Bernardo Alvarez,"VfL Wolfsburg, Everton, AS Roma, Mallorca"
Sandro Lefebvre,Atlanta United
Dries Roux,"Paris Saint-Germain, Lille"
Kofi Tchouaméni,"Norwich City, Lille, Real Madrid, Burnley, Sevilla"
Kevin Moreno,"Crystal Palace, Villarreal, Udinese, Torino, Osasuna"
Arthur Wilson,"Sheffield United, LA Galaxy, Aston Villa, Rennes, Brighton & Hove Albion"
Sandro Esposito,"Manchester United, Chelsea, Eintracht Frankfurt"
Iker Torres,"Al-Ahli, Bournemouth, West Ham United, Villarreal, Real Betis"
Jan Bruno,Al-Ahli
Paul Jones,AS Roma
Declan Marino,"Sevilla, Mallorca"
Alexander Gomez,"Sheffield United, Torino"
Rafael Garnacho,"Everton, Aston Villa, Leeds United"
Sebastian Rossi,Atalanta
Gonçalo Fischer,"PSV Eindhoven, Ajax, Atalanta, Brighton & Hove Albion"
Hugo Leroy,"Southampton, Bayer Leverkusen"
Alessandro Bellingham,Cagliari
Gabriel Rodriguez,"Sporting CP, Columbus Crew"
Julian Dubois,"Braga, Ajax, Atletico Madrid"
Alexander Meyer,"Southampton, Brighton & Hove Albion, Atletico Madrid"
Sandro Schulz,"Manchester City, Barcelona, Benfica, Atalanta, Strasbourg"
Sandro Colombo,"Flamengo, Columbus Crew, Getafe"
Gianluigi Mainoo,AZ Alkmaar
Ciro Michel,"Everton, Ipswich Town, Schalke 04, Inter Milan, Al-Ettifaq"
Amir Garcia,"Borussia Dortmund, RB Leipzig"
Gianluigi Wagner,"Nice, Al-Ittihad, Fiorentina"
Xavi David,"Flamengo, Leeds United, Villarreal, Valencia"
Arthur Romano,Ipswich Town
Igor Vasquez,"Sheffield United, Rayo Vallecano, Manchester United, Hellas Verona"
Josko Schneider,"Nice, Everton"
Bukayo Brown,"Al-Ittihad, Boca Juniors, Wolverhampton, Barcelona, Santos"
Benjamin Santos,Monaco
Luis Garcia,"Getafe, Arsenal, PSV Eindhoven"
Sandro Musiala,"SC Freiburg, Girona, Getafe, Aston Villa"
Filip Moreno,"Arsenal, Rayo Vallecano, Braga, Villarreal, Hellas Verona"
Nicolò Tchouaméni,"Valencia, Marseille, Sheffield United, Liverpool"
Julian Rojas,"Fiorentina, Cagliari, Stuttgart, Sheffield United"
Oliver Schneider,"Bayer Leverkusen, Brentford, Al-Hilal, Rennes"
Adrian Silva,"Newcastle United, Liverpool, São Paulo, Bologna"
Arthur Thomas,"Arsenal, Sheffield United, Norwich City, Parma, Al-Ittihad"
Phil Ricci,"Manchester City, Parma, Manchester United, Palmeiras, Newcastle United"
Jakub Camavinga,"Villarreal, Lille, Leicester City"
Liam Bianchi,"Borussia Dortmund, Werder Bremen"
Mikel Evans,Lille
Ivan De Jong,"São Paulo, SC Freiburg"
Hiroshi Esposito,"Crystal Palace, FC Porto, Manchester City"
Arthur Silva,Burnley
Martin Becker,"Southampton, Feyenoord, Celta Vigo, Tottenham Hotspur, FC Porto"
Felix Gonzales,"Liverpool, Osasuna, Borussia Mönchengladbach"
Hiroshi Evans,"Atlanta United, VfL Wolfsburg"
David Hernandez,"Empoli, Monaco, RC Lens, Al-Nassr"
Luis Vasquez,Southampton
Felix Thomas,"Southampton, Al-Ettifaq"
Jan Nieuwenhuis,"Southampton, Al-Ittihad, Manchester United"
Adrian Jansen,AC Milan
Bruno Martinez,"Girona, Juventus, Watford, Arsenal"
Gonçalo Roberts,"Hellas Verona, Cagliari, Juventus, Nice"
Hugo Camavinga,"Southampton, Palmeiras"
Alessandro Sanchez,"Al-Ahli, Atlanta United, Ipswich Town, Bayern Munich"
Kofi Greco,"Chelsea, Leeds United, Nice, Atlanta United, VfL Wolfsburg"
Jakub Diaz,Las Palmas
Declan Bruno,"Leeds United, Wolverhampton, Marseille, Leicester City"
Maximilian Diaz,"Borussia Mönchengladbach, Aston Villa, RB Leipzig, Everton"
Nicolò Marino,"Juventus, Hellas Verona, Columbus Crew, Chelsea"
Iker Roberts,"Wolverhampton, Leicester City, Monaco, SC Freiburg"
João Gonzales,"Nice, Rayo Vallecano, Boca Juniors"
Thibaut Davies,"RC Lens, Palmeiras, Norwich City"
Romelu Romano,Real Madrid
Louis David,"Southampton, Sunderland"
Axel Diaz,Real Betis
Bernardo Musiala,"Mallorca, Braga, Wolverhampton"
Hugo Bakker,"PSV Eindhoven, Chelsea, Werder Bremen, LAFC, Eintracht Frankfurt"
Declan Laurent,"PSV Eindhoven, Espanyol"
Chidi Gomez,"Monaco, Al-Ahli, Genoa, Las Palmas, Barcelona"
Maximilian Musiala,"Espanyol, Tottenham Hotspur, Inter Miami"
Lukas Ricci,Empoli
Josko Müller,"Getafe, Las Palmas"
Sven Moreau,Fiorentina
Memphis Bruno,"Braga, Mallorca, Eintracht Frankfurt, Villarreal, Santos"
William Esposito,"Empoli, Espanyol"
Axel Marino,"Bayern Munich, Mallorca, Juventus, Inter Milan, LA Galaxy"
Alessandro Jansen,"Fulham, Parma, Athletic Bilbao, Osasuna"
Adrian Gomez,"Atalanta, Rayo Vallecano"
Declan Hoffmann,"Liverpool, Atalanta, Sheffield United, Flamengo, AS Roma"
Alessandro Rojas,"River Plate, Fiorentina, Monaco"
Gavi Dubois,"Udinese, Sheffield United, Newcastle United"
Stefan Santos,"Osasuna, Tottenham Hotspur, Espanyol, Fiorentina"
Youssef Brown,"Nottingham Forest, Rayo Vallecano, Crystal Palace, Sporting CP"
Lorenzo Davies,"Santos, Leeds United"
Romelu Flores,"Boca Juniors, Sevilla, Real Sociedad"
Virgil Garnacho,"Barcelona, FC Porto, Palmeiras, Hellas Verona"
Filip Ramirez,Brentford
Diogo Jones,"Nottingham Forest, Leicester City"
Nicolò Meyer,"Leeds United, Athletic Bilbao, Empoli"
Amir Weber,"Crystal Palace, Newcastle United, Eintracht Frankfurt, Norwich City"
Eden Bianchi,"Barcelona, Torino"
Memphis Roux,"Monaco, Parma"
Kevin Ferrari,"Norwich City, Bayer Leverkusen, Arsenal, Newcastle United"
Bukayo Colombo,"Torino, Werder Bremen"
Benjamin Rodriguez,"Valencia, Benfica, Stuttgart"
Alexis Garcia,Brentford
Phil Williams,"Fulham, Real Sociedad"
Lukas Rossi,"FC Porto, Norwich City, Nottingham Forest, Napoli"
Marco Davies,"Ajax, Bologna, Al-Nassr, Wolverhampton"
Mateo Dubois,"Inter Miami, Brentford"
Ciro De Bruyne,"Bologna, Southampton"
Pedri Colombo,"Espanyol, West Ham United"
Louis Alvarez,"Celta Vigo, Al-Ittihad, Strasbourg, Norwich City"
João Van Dijk,"River Plate, Cagliari"
Filip Vasquez,"Napoli, Liverpool"
Luka Romano,Bayern Munich
Thibaut Sanchez,Lille
Arthur Davies,"Brighton & Hove Albion, Manchester City, Aston Villa, Borussia Mönchengladbach"
Thibaut Torres,"AZ Alkmaar, Lille, Barcelona"
Daniel Nieuwenhuis,"Al-Nassr, Flamengo, Las Palmas, Werder Bremen"
Tiago Leroy,"Southampton, West Ham United, Athletic Bilbao"
Elias Smith,"Bournemouth, PSV Eindhoven, Manchester United, Columbus Crew, RC Lens"
Kwame Schneider,"Bologna, Lyon"
Paul Colombo,"Everton, Genoa, Sheffield United, Ajax"
Bernardo Evans,"Benfica, Crystal Palace, Inter Milan"
Dimitri De Jong,"Fulham, AZ Alkmaar"
Stefan Silva,"Sporting CP, Sevilla, Celta Vigo, Lyon"
Chidi Diaz,"Valencia, Wolverhampton, Aston Villa, FC Porto, Ipswich Town"
Alexis Gonzales,"River Plate, Rayo Vallecano, FC Porto, AS Roma, Celta Vigo"
Ciro Van Dijk,"Inter Milan, Fulham, Sevilla"
Rafael Schneider,"Ipswich Town, São Paulo, Burnley, Feyenoord, FC Porto"
Benjamin Marino,Napoli
Youssef Perez,Marseille
Luis Bianchi,"Napoli, Mallorca, Bournemouth"
Gianluigi Sanchez,"Inter Miami, Genoa, Paris Saint-Germain, Atletico Madrid, Valencia"
Sven Colombo,"Everton, Borussia Dortmund"
Alexander Moreno,Girona
Louis Lefebvre,"Sporting CP, Aston Villa"
Hugo Moreno,Wolverhampton
Chidi Perez,"Monaco, Getafe"
Memphis Camavinga,"AZ Alkmaar, Hellas Verona, AS Roma, Brighton & Hove Albion, Marseille"
Jakub Perez,"Napoli, Borussia Mönchengladbach"
Luis Rodriguez,"Atalanta, Al-Ittihad, Monaco, VfL Wolfsburg"
Josko Van Dijk,"AC Milan, Cagliari, Espanyol, PSV Eindhoven, Athletic Bilbao"
Maximilian Flores,"Liverpool, Feyenoord, Palmeiras, Genoa, Villarreal"
Chidi Taylor,SC Freiburg
Luis Esposito,"Celta Vigo, Nottingham Forest"
Arthur Diaz,"Fulham, Cagliari, Brentford, Boca Juniors, Bologna"
Xavi Greco,"Rayo Vallecano, Marseille, PSV Eindhoven"
Chidi Tchouaméni,"Eintracht Frankfurt, AS Roma, Real Madrid, Monaco"
Virgil Roux,"Liverpool, AC Milan, Watford"
Iker Romano,"Al-Hilal, Brighton & Hove Albion, Girona, Villarreal"
Eden Schmidt,"Sevilla, Al-Ittihad, Barcelona"
Dries Brown,"Torino, Leicester City, Newcastle United, PSV Eindhoven"
Gianluigi Colombo,"Marseille, Al-Ittihad"
Gavi Thomas,"Athletic Bilbao, Crystal Palace, Al-Hilal"
Pedri Bertrand,Burnley
Pedri Romano,Leeds United
Dominik Smith,"SS Lazio, Braga, Athletic Bilbao, Napoli"
Gianluigi Esposito,"Juventus, Bologna, Rayo Vallecano, SS Lazio, FC Porto"
Axel Schmidt,"Villarreal, Columbus Crew, Las Palmas"
Kwame Thomas,"Al-Nassr, Girona, River Plate"
Kenji Thomas,"Mallorca, SS Lazio, Las Palmas, Bournemouth, VfL Wolfsburg"
Jakub Mainoo,"AZ Alkmaar, Palmeiras, Stuttgart, Nice, Mallorca"
Hugo Schmidt,"Manchester United, Aston Villa"
Ciro Roux,"Everton, Al-Hilal"
Nathan Ferrari,"Stuttgart, Bologna, Norwich City"
Kenji Laurent,"Atalanta, Bayern Munich, São Paulo"
Lorenzo Vasquez,"Brighton & Hove Albion, Getafe"
Kofi Meyer,"Parma, Real Madrid, Genoa, Fulham, West Ham United"
Martin Thomas,"Crystal Palace, Brentford, West Ham United, LAFC, Cagliari"
David Wilson,"Villarreal, Juventus, Cagliari, VfL Wolfsburg"
Alexander Musiala,"Leicester City, Monaco, Strasbourg, Atletico Madrid"
João Bellingham,"Norwich City, Las Palmas, Al-Ittihad"
Filip Tchouaméni,"Fiorentina, Crystal Palace, Athletic Bilbao, Real Betis, Sheffield United"
Jonas Laurent,"Sporting CP, LAFC"
Chidi David,"Sheffield United, Las Palmas, SS Lazio"
Jan Ramirez,Real Madrid
Sandro Rodriguez,Lille
Hiroshi Greco,"Crystal Palace, Wolverhampton, Benfica, Liverpool, AZ Alkmaar"
Amir Taylor,Real Madrid
Ethan Alvarez,"Werder Bremen, Santos"
Arthur Smith,"Strasbourg, Osasuna, Napoli, Juventus, Atalanta"
Lukas Roux,"LA Galaxy, Columbus Crew, Flamengo"
Bruno Moreau,"Manchester United, Atletico Madrid, Athletic Bilbao, Aston Villa, Celta Vigo"
Maximilian Schneider,"Bayer Leverkusen, Torino, Fulham, LA Galaxy"
Julian Leroy,"West Ham United, Boca Juniors, Borussia Dortmund, Strasbourg"
Martin Romano,"Getafe, Atlanta United, Everton"
Miklós Musiala,"Borussia Mönchengladbach, Sunderland, Espanyol"
Frenkie Hernandez,"LAFC, São Paulo, Palmeiras, Bournemouth, Liverpool"
Frenkie Smith,"FC Porto, São Paulo"
Adrian Becker,Fiorentina
Ethan Leroy,"Las Palmas, FC Porto, Schalke 04, Bayer Leverkusen"
Eden Ramirez,"River Plate, Rennes, Sheffield United, Las Palmas, Crystal Palace"
Luis Van Dijk,"Atalanta, RB Leipzig"
Felix Rossi,"Chelsea, São Paulo, Nice, River Plate, Al-Hilal"
Thibaut Camavinga,"Al-Ettifaq, Girona, RB Leipzig"
Xavi Schmidt,"Udinese, Monaco"
Liam Diaz,"Hellas Verona, SC Freiburg, Chelsea, Espanyol, Al-Ittihad"
Dominik Perez,"Crystal Palace, Borussia Mönchengladbach, Real Betis, Al-Hilal"
Lucas Thomas,"Wolverhampton, Cagliari, Manchester United, Paris Saint-Germain, Ajax"
Rasmus Colombo,"Rennes, Sevilla"
David Nieuwenhuis,Burnley
Paul Rojas,"Inter Milan, Atlanta United, Girona, Getafe"
Filip Musiala,"Sheffield United, Leeds United, Bournemouth, Empoli"
Elias Flores,"Burnley, Genoa, Braga, Valencia"
Alexander Tchouaméni,"Watford, Real Betis"
Kwame Schulz,"Bournemouth, Real Sociedad, RB Leipzig, Stuttgart"
Memphis Fernandez,"Aston Villa, Fiorentina"
Jonas Roux,"Girona, Ajax, Al-Ittihad, Sheffield United"
Thibaut Michel,"Leeds United, Rennes"
Rafael Simon,"Mallorca, Sheffield United"
Virgil Nieuwenhuis,"Sevilla, Santos, Sunderland, Leeds United"
Romelu Gomez,"Bologna, Schalke 04, Leicester City, West Ham United"
Mikel Moreno,Benfica
Giorgio Wagner,Ipswich Town
Jakub Garcia,"Paris Saint-Germain, Sevilla"
Miklós Lefebvre,"Bayer Leverkusen, Sporting CP"
Felix Laurent,"Ajax, Inter Miami"
Kwame Brown,Parma
Gavi Perez,"FC Porto, Las Palmas, Ajax"
Ivan Rodriguez,"Atalanta, Manchester City, Norwich City, Athletic Bilbao, Inter Miami"
Darwin Camavinga,Chelsea
Arthur Hernandez,Burnley
Felix Torres,"River Plate, Ipswich Town"
Pedri Becker,"FC Porto, Newcastle United, Al-Ettifaq, Fiorentina, Werder Bremen"
Josko Nieuwenhuis,"Real Madrid, Aston Villa, Manchester United, Flamengo"
Amir Musiala,"Everton, Inter Milan, Real Sociedad, Columbus Crew, Tottenham Hotspur"
Luis Silva,Santos
Iker Williams,"RB Leipzig, Eintracht Frankfurt, Torino, PSV Eindhoven, VfL Wolfsburg"
Nathan Schmidt,"Stuttgart, Valencia, Boca Juniors"
Kenji Moreau,"Boca Juniors, Atlanta United, Nottingham Forest"
Axel Rojas,"Ipswich Town, Norwich City"
Lukas Fernandez,"Al-Hilal, Fulham, Chelsea"
Xavi Bakker,"Palmeiras, Al-Ittihad, Newcastle United, Liverpool, Bayern Munich"
Giorgio Meyer,"Al-Hilal, VfL Wolfsburg, Manchester City, Benfica, Leeds United"
Ivan Davies,LAFC
Federico Fernandez,Barcelona
Axel Michel,"Bournemouth, LAFC, Al-Hilal, Atlanta United"
Louis Silva,Arsenal
Gonçalo Davies,"Schalke 04, Atalanta"
Tiago Garcia,"Burnley, Mallorca, Getafe"
Ethan Roux,"Werder Bremen, Al-Ittihad, Parma, Leeds United"
Dimitri Roberts,"Lyon, Athletic Bilbao"
Luis Wilson,"Borussia Dortmund, SS Lazio"
Bernardo Flores,"Columbus Crew, Palmeiras, AS Roma, Burnley, Juventus"
Frenkie Ramirez,"Parma, Lille"
Chidi Ramirez,Ipswich Town
Jonas Alvarez,"Santos, Leeds United, Watford, Barcelona, Al-Ettifaq"
Ivan Thomas,"Sheffield United, Bayer Leverkusen, LAFC"
Sven Bruno,Benfica
Noah Michel,"Nice, Sunderland, Arsenal"
William Camavinga,"Manchester City, Benfica, Mallorca, Getafe, Palmeiras"
Oliver Vasquez,"RC Lens, Torino, SS Lazio, Newcastle United"
Frenkie Jansen,Cagliari
Gonçalo Nieuwenhuis,"LAFC, Braga"
Louis Colombo,"Manchester City, Tottenham Hotspur, Valencia, Udinese, Athletic Bilbao"
Chidi Jansen,"Marseille, Leeds United, Atalanta, Valencia, Barcelona"
Jan Weber,"West Ham United, Flamengo, Ajax, SS Lazio"
Dries Schulz,Flamengo
Declan Dubois,"Bournemouth, Lyon, Arsenal, Lille"
Chidi Nieuwenhuis,"Lyon, Cagliari, Al-Ahli"
Mikel Jansen,"Newcastle United, SS Lazio, Bayer Leverkusen"
Dimitri Wagner,"Stuttgart, Feyenoord, Atalanta, Athletic Bilbao"
Kwame Rossi,Santos
Mikel Jones,"Juventus, Aston Villa, Valencia, Sunderland, Nottingham Forest"
Lucas Smith,"Tottenham Hotspur, Hellas Verona, Chelsea, Juventus"
Federico Gonzales,Schalke 04
Diogo Visser,Palmeiras
Federico Müller,"Rennes, LAFC, Bayern Munich, Las Palmas, Atlanta United"
Luis Romano,"Flamengo, Braga, AS Roma, Manchester United"
Giorgio Colombo,"Bournemouth, Cagliari"
Iker Becker,Lyon
Jonas Leroy,"Sporting CP, Real Betis, Parma, Udinese, Marseille"
Nathan Fernandez,VfL Wolfsburg
Mateo Flores,"Napoli, Fiorentina"
Youssef Becker,"Girona, Southampton, Rennes"
Hiroshi Bianchi,"Lyon, AS Roma, Fiorentina, Sunderland"
Gavi Rojas,"Newcastle United, Valencia"
Gonçalo Lefebvre,"Tottenham Hotspur, Sevilla, Napoli, Palmeiras"
Paul Brown,"Nottingham Forest, RC Lens"
Julian Esposito,"Atletico Madrid, PSV Eindhoven"
Gabriel Becker,"Santos, Brentford, Las Palmas, Eintracht Frankfurt"
Chidi De Jong,"Real Madrid, Schalke 04, Rayo Vallecano, Al-Ahli"
Tiago Jones,Celta Vigo
Rafael Silva,"Leicester City, Tottenham Hotspur, Rayo Vallecano, Villarreal"
Gonçalo Evans,Sunderland
Alessandro Gonzales,LAFC
Dimitri Dubois,"FC Porto, Sheffield United"
Cody Müller,"PSV Eindhoven, Bayer Leverkusen"
Josko Tchouaméni,"Ajax, Bologna"
Louis Romano,"Al-Ettifaq, Sevilla"
David Jansen,"Borussia Mönchengladbach, Fiorentina, Strasbourg"
Frenkie Hoffmann,"Bayern Munich, Celta Vigo, Flamengo"
João Evans,"Palmeiras, West Ham United, Real Madrid"
Jan Smit,"Newcastle United, Santos, Bayer Leverkusen"
Marco Colombo,"Real Madrid, Al-Ittihad, Monaco, Hellas Verona, Watford"
Amir Becker,"Athletic Bilbao, Brighton & Hove Albion, Villarreal, Celta Vigo, Borussia Mönchengladbach"
Ivan Camavinga,Barcelona
Stefan Visser,"Sheffield United, Napoli, Brighton & Hove Albion, SC Freiburg, Bayern Munich"
Luka Camavinga,"Lyon, Fulham"
Nathan Tchouaméni,"Watford, Aston Villa, Rayo Vallecano, Lyon"
Rafael Hernandez,"Sheffield United, Nottingham Forest, Torino"
Eden Ferrari,"Valencia, LA Galaxy"
Filip De Jong,"Crystal Palace, Manchester City, SC Freiburg, Marseille, Manchester United"
Phil De Jong,"Real Betis, Osasuna"
Gavi Nieuwenhuis,LAFC
Nathan Leroy,"Leeds United, Paris Saint-Germain, Juventus, Fulham"
Chidi Thomas,"Juventus, Tottenham Hotspur"
Bukayo Lefebvre,"Atalanta, Crystal Palace, Strasbourg"
Miklós Bianchi,"Manchester City, Al-Nassr"
Sebastian Tchouaméni,"SS Lazio, FC Porto, Stuttgart, Real Betis, Rayo Vallecano"
Louis Becker,"Osasuna, LAFC, SC Freiburg, Boca Juniors"
Declan David,"Fiorentina, Torino, Sunderland, Lyon, Boca Juniors"
Xavi Esposito,"Bologna, Columbus Crew, Stuttgart, Southampton, LAFC"
Lorenzo Bertrand,"RC Lens, FC Porto, Feyenoord, Ipswich Town, Tottenham Hotspur"
Sandro Taylor,"Udinese, Leicester City, Bayer Leverkusen, Aston Villa, Villarreal"
Lorenzo Smit,"Las Palmas, Villarreal, Manchester City"
Youssef Wilson,"Eintracht Frankfurt, Flamengo, Leeds United, Stuttgart"
Thibaut Visser,Leicester City
David Gomez,"Getafe, Strasbourg, Borussia Mönchengladbach, Werder Bremen, Leicester City"
Ciro Santos,LAFC
Bukayo Jones,Torino
Memphis Mainoo,Fiorentina
Rafael Rojas,"Napoli, Nice, Athletic Bilbao, Barcelona, Santos"
Pedri Sanchez,"Atlanta United, RB Leipzig, Werder Bremen"
Julian Rossi,"Southampton, Braga"
Thibaut Fernandez,Nottingham Forest
Julian Schmidt,"Southampton, Monaco, Bayern Munich, Real Sociedad, Tottenham Hotspur"
Gabriel Rossi,"Nottingham Forest, Getafe, Inter Miami"
Hugo Jansen,Chelsea
Memphis Wilson,"Fulham, Atalanta, Al-Ittihad, Santos"
Jakub Romano,"Inter Miami, Rennes, AS Roma, Marseille, Getafe"
Sandro Ferrari,"Liverpool, Empoli, PSV Eindhoven, Real Betis"
Daniel Esposito,"Genoa, Espanyol, Nice, Borussia Mönchengladbach"
Diogo Romano,Manchester City
Ivan Müller,"Borussia Mönchengladbach, Sheffield United, Hellas Verona, Brentford"
Kwame Williams,"Leicester City, Genoa, Girona, Fulham, Al-Nassr"
Tiago Wilson,"Werder Bremen, PSV Eindhoven, Real Madrid"
Eden Fischer,Fiorentina
Jonas Musiala,"Arsenal, Tottenham Hotspur, Borussia Mönchengladbach, Atletico Madrid, Aston Villa"
Amir Rojas,"AC Milan, Athletic Bilbao, Napoli, Tottenham Hotspur"
Frenkie Flores,"Columbus Crew, Nice, Celta Vigo, Paris Saint-Germain, Sevilla"
Jakub Fernandez,"SS Lazio, Monaco, São Paulo, Chelsea, AC Milan"
Amir Silva,"Burnley, RB Leipzig, Werder Bremen, Flamengo, Osasuna"
Frenkie Weber,"Columbus Crew, Bologna, Newcastle United"
Stefan Esposito,"Atlanta United, Hellas Verona, Tottenham Hotspur, Borussia Mönchengladbach, Nottingham Forest"
Federico Musiala,River Plate
Luka Nieuwenhuis,"Lille, Bayern Munich"
Kevin Wagner,"Udinese, Aston Villa, Girona, Manchester City"
Miklós Santos,"Aston Villa, Ajax, Newcastle United, Bologna, Norwich City"
Ivan Simon,Sheffield United
Thibaut Moreno,"Las Palmas, River Plate, Sunderland"
Miklós Gomez,"Brighton & Hove Albion, Inter Miami, Benfica, Cagliari, Udinese"
Memphis Moreno,Mallorca
Hugo Garnacho,"Leeds United, Mallorca"
Pedri Müller,"AZ Alkmaar, Ipswich Town, Everton, Ajax, Borussia Dortmund"
Martin Hoffmann,PSV Eindhoven
Hiroshi Tchouaméni,"Brentford, Paris Saint-Germain, LA Galaxy, LAFC"
Nicolò Van Dijk,"Atlanta United, Inter Milan"
Igor Mainoo,"Athletic Bilbao, Sheffield United, Burnley, Fiorentina"
Sebastian Nieuwenhuis,"Santos, West Ham United, Sheffield United"
Kwame Santos,"Al-Hilal, AZ Alkmaar, Braga"
Nicolas Camavinga,"Crystal Palace, Brighton & Hove Albion, Norwich City, Real Sociedad, Genoa"
Jakub Martinez,"Aston Villa, Wolverhampton, Schalke 04, AS Roma"
Lucas Lopez,"Villarreal, Boca Juniors, Santos, Espanyol, Juventus"
Benjamin Mainoo,"Watford, SS Lazio, Schalke 04"
Mikel Rossi,Everton
Hugo Nieuwenhuis,"Tottenham Hotspur, Villarreal"
Daniel Taylor,Benfica
Nicolas Wilson,"Genoa, Marseille, Chelsea, Atlanta United, SC Freiburg"
Rafael Meyer,"Santos, Newcastle United, Eintracht Frankfurt, Marseille"
Louis Bellingham,Bayern Munich
Alexander David,"Real Sociedad, Getafe, SS Lazio"
Liam Rojas,"Flamengo, Real Madrid"
Jakub Weber,West Ham United
Cody Brown,"Strasbourg, Bournemouth, Athletic Bilbao, Braga"
Lukas Simon,"Sevilla, Manchester City, Barcelona"
Eden Gomez,"RC Lens, Real Madrid, Inter Miami, Lyon"
Youssef Romano,"Nice, Schalke 04, Bologna"
Ciro Flores,"Werder Bremen, Nice, Liverpool"
Eden Schneider,"Lyon, Napoli, Santos, SC Freiburg"
Luis Simon,"Atletico Madrid, Bayer Leverkusen"
Amir Rodriguez,"Atlanta United, Celta Vigo, Torino, FC Porto, Lyon"
Lucas De Bruyne,"Ajax, Marseille, Southampton"
Sebastian Lefebvre,"Chelsea, Crystal Palace, AS Roma"
Ciro Smit,"Juventus, RC Lens"
Bukayo Vasquez,"River Plate, Valencia"
Miklós Meyer,"Mallorca, SC Freiburg, Parma, Udinese, Chelsea"
Luka Smith,Barcelona
Hiroshi Lefebvre,"West Ham United, Al-Ettifaq"
Julian Jones,Sunderland
Maximilian De Bruyne,"Aston Villa, Cagliari"
Bruno Silva,"Flamengo, Atletico Madrid"
Alexander Gonzales,Bournemouth
Federico Visser,"Getafe, Santos, Real Betis, Atlanta United"
Stefan Flores,"Arsenal, Stuttgart, Monaco, Palmeiras, Boca Juniors"
Marco Schneider,AS Roma
Lorenzo Sanchez,"Marseille, Columbus Crew, LAFC, Feyenoord"
Ciro David,"Chelsea, Inter Milan, Aston Villa, Schalke 04, Santos"
Nathan Fischer,"Getafe, Chelsea, Crystal Palace, Bournemouth"
Dimitri Lefebvre,Manchester City
Dimitri Roux,Manchester City
Rafael Sanchez,"Lyon, AZ Alkmaar, Fiorentina, Al-Hilal, Las Palmas"
Elias Mainoo,"Wolverhampton, Bournemouth, Norwich City"
William Fischer,Fulham
Hiroshi Laurent,"Brentford, Udinese, Valencia, Genoa"
Ciro Schneider,"Nice, Al-Nassr, Mallorca"
Liam Torres,Lille
Samuel Weber,Tottenham Hotspur
Sandro Sanchez,"Wolverhampton, Tottenham Hotspur, Benfica, Barcelona, SC Freiburg"
Lucas Smit,"RB Leipzig, Fulham, Eintracht Frankfurt"
Amir Ferrari,"Bayer Leverkusen, Celta Vigo"
Eden Hoffmann,"Barcelona, Bologna"
Frenkie Fernandez,Real Betis
Daniel Smith,"Manchester City, Palmeiras, Lyon, Tottenham Hotspur, Lille"
Bruno Ramirez,"Newcastle United, Al-Ahli, AC Milan, Fulham, Feyenoord"
Gonçalo Garnacho,Rayo Vallecano
Filip Gonzales,"Napoli, SS Lazio, Brentford"
Liam Gomez,"Lyon, Getafe"
Frenkie Sanchez,Liverpool
Bukayo Michel,Bologna
Daniel Vasquez,Benfica
Sven Michel,"Columbus Crew, Valencia, Barcelona, Palmeiras"
Amir Hoffmann,"Inter Miami, Chelsea, Real Sociedad, Benfica"
Iker Rodriguez,Ajax
João Nieuwenhuis,"LA Galaxy, Real Sociedad"
Xavi Alvarez,"Espanyol, Bologna, Lyon"
Xavi Laurent,"Sunderland, Leeds United, Sevilla, Columbus Crew, Manchester City"
Frenkie Brown,"Udinese, Arsenal, SC Freiburg, Juventus"
Romelu Bruno,"Al-Ittihad, River Plate, AS Roma"
Eden Tchouaméni,"SC Freiburg, Mallorca, Santos, Ajax"
Kwame Van Dijk,"Leicester City, FC Porto, Leeds United, Nice"
João Santos,SS Lazio
Kofi Rojas,"Espanyol, Sevilla"
Chidi Martinez,"Inter Miami, AC Milan, LAFC"
Felix Sanchez,"Santos, PSV Eindhoven, Parma"
Arthur Colombo,"Monaco, River Plate, Burnley"
Gabriel Moreau,"São Paulo, Rayo Vallecano, AZ Alkmaar"
Daniel Diaz,Sporting CP
Martin Nieuwenhuis,"Schalke 04, Lille"
Dimitri Silva,"Celta Vigo, Real Sociedad, Barcelona, Atalanta"
Luis Wagner,"RB Leipzig, Burnley, Inter Miami, Fulham, VfL Wolfsburg"
Kevin Moreau,"Boca Juniors, Bournemouth, Bologna"
Hugo Torres,Sheffield United
Pedri Hoffmann,"FC Porto, Atlanta United"
Kevin Martinez,"Strasbourg, Atlanta United, VfL Wolfsburg"
Ethan Davies,"Everton, Al-Ittihad"
Maximilian Ramirez,"Udinese, Lille, Paris Saint-Germain, Ajax, RC Lens"
Daniel Meyer,Aston Villa
Romelu Garcia,Feyenoord
Luka Fischer,Nice
William Bertrand,"Villarreal, Empoli, Aston Villa, Feyenoord, Nottingham Forest"
Dominik Jones,Bournemouth
Memphis Gonzales,"Bayer Leverkusen, Newcastle United"
David Van Dijk,"Southampton, Watford"
Igor De Jong,"Boca Juniors, Nottingham Forest, Werder Bremen, Watford"
Xavi Bianchi,"Chelsea, Udinese"
Romelu Musiala,Arsenal
Luis Bellingham,"River Plate, Cagliari, Bayer Leverkusen"
Dominik Becker,"São Paulo, Palmeiras"
Samuel Evans,"Sheffield United, Leeds United, Nottingham Forest, Juventus"
Daniel Ferrari,LAFC
Kenji Evans,Ajax
Kenji Tchouaméni,"RB Leipzig, Fulham, Barcelona"
Kofi Ramirez,"Rennes, Ipswich Town, Aston Villa, Sevilla"
Miklós Garcia,"Manchester City, Fiorentina"
Cody Ricci,"Inter Milan, Al-Ittihad, Real Betis, AS Roma, Al-Ettifaq"
Daniel Silva,"Bournemouth, Nottingham Forest, Flamengo"
Felix De Bruyne,"Nice, River Plate, Napoli, Nottingham Forest, Sevilla"
Cody Schmidt,"Atalanta, Valencia, Atlanta United, Flamengo, Newcastle United"
Oliver Roux,"Villarreal, Manchester City, Tottenham Hotspur, Celta Vigo"
Luka Torres,"Empoli, Las Palmas, Wolverhampton"
Arthur Roberts,"Bournemouth, Wolverhampton, Real Betis, River Plate"
Kwame Lefebvre,"Palmeiras, Osasuna, Napoli"
Luka Bertrand,Empoli
Chidi Roberts,"Bournemouth, Boca Juniors, Sheffield United, Torino, Real Betis"
Oliver Schulz,"Valencia, Al-Nassr, Hellas Verona, Sporting CP, Sheffield United"
Paul Esposito,"Palmeiras, Columbus Crew, Juventus"
Kevin Rojas,"Sheffield United, Lyon, Stuttgart, Real Madrid"
Igor Moreno,Udinese
Phil Wilson,"Borussia Dortmund, Fulham"
Cody Martinez,"Sporting CP, Al-Hilal, Brentford, São Paulo"
Amir Visser,"Juventus, Paris Saint-Germain, Braga, Celta Vigo, Burnley"
Ethan Esposito,"Boca Juniors, Espanyol, Las Palmas"
Ciro Simon,Valencia
Alessandro Roux,"Girona, Boca Juniors, Aston Villa, Sevilla"
Gonçalo Schneider,"Parma, Ipswich Town"
Stefan Smit,"West Ham United, Sheffield United, Borussia Dortmund"
Jan Moreau,"Hellas Verona, LA Galaxy"
Jan Brown,Al-Nassr
Dries Diaz,"Manchester United, Napoli, Sunderland, Everton"
Miklós Lopez,"Burnley, Manchester United, Napoli"
Lukas Laurent,"Santos, Lille, Aston Villa, Manchester City, Mallorca"
Lukas Dubois,"Eintracht Frankfurt, Ipswich Town, Everton"
Dries Tchouaméni,Ipswich Town
Sebastian Moreau,"Udinese, Boca Juniors"
Phil Santos,Real Betis
Eden David,"Girona, Osasuna"
Gianluigi Meyer,"Parma, Espanyol, Lyon, Arsenal"
Gianluigi Lopez,"Columbus Crew, Valencia, Las Palmas, Everton"
Tiago Ramirez,"Barcelona, LAFC, RC Lens, Southampton, Bayer Leverkusen"
Lukas Tchouaméni,Leeds United
Ciro Diaz,"Barcelona, Bologna, Benfica, Crystal Palace"
Dries Gonzales,"Parma, Al-Ettifaq"
Amir Marino,Udinese
Romelu Nieuwenhuis,"Columbus Crew, SS Lazio, Bournemouth"
Louis Garcia,"Aston Villa, Sporting CP, Al-Ettifaq, Manchester United, Marseille"
Oliver Marino,"Espanyol, Ajax, Brighton & Hove Albion"
Paul Silva,"Getafe, Cagliari"
Benjamin Garcia,"Fiorentina, Benfica"
Bernardo Wagner,"Santos, Al-Ettifaq, Al-Ahli"
Kevin Jansen,"Lyon, Rayo Vallecano, Al-Hilal, River Plate, Athletic Bilbao"
Declan Taylor,"Norwich City, Leeds United"
Josko Rodriguez,"Marseille, Atlanta United, LAFC"
Lorenzo Gonzales,"Boca Juniors, Villarreal, Columbus Crew, Rennes"
Maximilian Perez,"Hellas Verona, Real Sociedad, Paris Saint-Germain, Fiorentina"
Hiroshi Smith,Aston Villa
Gabriel Sanchez,"Athletic Bilbao, Udinese, Atalanta, Ajax, Santos"
Virgil Perez,"Manchester City, Borussia Dortmund"
Felix Bakker,"Girona, Inter Milan, Manchester United, West Ham United"
Marco Roux,"Brentford, Arsenal"
Alexis Camavinga,"Sevilla, Tottenham Hotspur, Mallorca"
Hugo Weber,"Inter Miami, Palmeiras"
Samuel Torres,"PSV Eindhoven, Manchester United, Real Madrid, Espanyol, Sporting CP"
Liam Visser,"Borussia Mönchengladbach, Paris Saint-Germain, Bayer Leverkusen, PSV Eindhoven"
Memphis Vasquez,"Al-Hilal, LAFC, Girona"
Adrian Alvarez,RB Leipzig
Sandro Müller,"Feyenoord, São Paulo, Braga"
Tiago Tchouaméni,Paris Saint-Germain
Nathan Nieuwenhuis,Parma
Sven Greco,"Watford, Athletic Bilbao, Espanyol, Columbus Crew, Sunderland"
Louis Bianchi,"Al-Ettifaq, Schalke 04, Sporting CP, Real Betis"
Ethan Visser,"PSV Eindhoven, RB Leipzig, River Plate"
Diogo Smit,"Norwich City, LAFC, Schalke 04, Sunderland, Boca Juniors"
Tiago Lefebvre,"Tottenham Hotspur, AS Roma, River Plate, Burnley"
Nathan Vasquez,"Boca Juniors, Sunderland, Empoli, Real Sociedad, Atletico Madrid"
Julian Ramirez,"Sheffield United, Cagliari, LA Galaxy, Santos, FC Porto"
Jonas Schneider,"AZ Alkmaar, Aston Villa"
Daniel Jones,"Getafe, Osasuna"
Paul Santos,RC Lens
Darwin Simon,"Sunderland, Al-Hilal, Torino, Chelsea"
Axel Taylor,"Fulham, Borussia Dortmund"
Ciro Thomas,"Fiorentina, Flamengo"
Declan Williams,"Leeds United, Real Madrid"
Memphis Sanchez,Paris Saint-Germain
Alexander Garcia,"Bournemouth, VfL Wolfsburg, West Ham United, Bayer Leverkusen"
Tiago Moreau,"AS Roma, Newcastle United, Al-Ahli"
Adrian Dubois,"Atletico Madrid, Al-Nassr, VfL Wolfsburg"
Julian Mainoo,"Celta Vigo, Bayer Leverkusen, Burnley"
Dries Sanchez,"Napoli, FC Porto, West Ham United, Barcelona"
Luis Flores,"Watford, River Plate"
Eden Flores,AZ Alkmaar
Kenji Sanchez,"Real Madrid, Tottenham Hotspur, Watford, Al-Ettifaq"
Paul Bertrand,"FC Porto, Inter Milan, Stuttgart, Empoli"
Igor Becker,"Ajax, Chelsea"
Hiroshi Michel,Bayern Munich
Tiago Bianchi,SC Freiburg
Federico Leroy,Liverpool
Sven Garnacho,"Burnley, Real Madrid"
Lukas Garcia,"Rayo Vallecano, Lyon"
Chidi Weber,"Ipswich Town, Palmeiras, Eintracht Frankfurt"
Dries Esposito,"RB Leipzig, Inter Milan"
Nicolò Garnacho,Osasuna
Youssef Hernandez,Arsenal
Miklós Jansen,"Feyenoord, Sevilla, Borussia Dortmund"
Hiroshi Müller,"Boca Juniors, Paris Saint-Germain, RC Lens"
Lorenzo Thomas,"Werder Bremen, Ipswich Town, Las Palmas, Braga"
Chidi De Bruyne,"LAFC, Manchester City, Real Betis, Barcelona"
Frenkie Martinez,"LA Galaxy, Genoa, Leicester City, Schalke 04"
Virgil Romano,"Girona, AC Milan, Bayer Leverkusen, Southampton"
Julian Visser,"Villarreal, Chelsea, Al-Ittihad"
Frenkie Musiala,"Bournemouth, Real Betis, Espanyol, Empoli"
Lucas Roberts,"Torino, Mallorca"
Dries Bakker,"Atletico Madrid, Brentford"
Cody Diaz,"Tottenham Hotspur, Sheffield United, LAFC, AC Milan, SS Lazio"
Sebastian Fernandez,"Udinese, SC Freiburg, AZ Alkmaar, RB Leipzig, Parma"
Bruno Evans,"Flamengo, Villarreal, Braga, Rennes, Chelsea"
Iker Van Dijk,"Monaco, AC Milan"
Phil Jones,"Al-Hilal, Ajax, RB Leipzig, Columbus Crew, Borussia Dortmund"
Rafael Ferrari,Sporting CP
Rasmus David,Las Palmas
Lukas Gonzales,AS Roma
Luis Garnacho,"Leeds United, Borussia Mönchengladbach, Nottingham Forest, Lyon, Wolverhampton"
Romelu Ferrari,"Palmeiras, São Paulo"
Miklós Bertrand,Hellas Verona
Louis Moreau,"Real Betis, Leeds United, Brentford, Athletic Bilbao, Al-Ettifaq"
Phil Müller,Braga
Kofi Fernandez,Rayo Vallecano
Martin Simon,"Brentford, Genoa, Rennes, Burnley"
Josko Leroy,"Arsenal, Fiorentina"
Amir Smit,"Mallorca, Celta Vigo"
Nicolò Bakker,"FC Porto, River Plate, Getafe"
Cody Jansen,Inter Milan
William Greco,"FC Porto, Barcelona, Braga"
Lorenzo Rojas,"Liverpool, Villarreal, Arsenal, Watford, Udinese"
Eden Schulz,Udinese
Liam Wilson,SC Freiburg
William Hernandez,"Leeds United, AS Roma, Wolverhampton, VfL Wolfsburg"
Louis Simon,"Burnley, Benfica, Palmeiras, Real Betis, Real Madrid"
Mateo Fernandez,"West Ham United, Stuttgart, RB Leipzig, FC Porto"
Bukayo Meyer,Ipswich Town
Romelu Tchouaméni,Napoli
Giorgio Flores,"Inter Milan, Newcastle United, Sunderland, São Paulo, Bayern Munich"
Nicolò Lopez,"Tottenham Hotspur, Bournemouth, Espanyol, Ajax, Nottingham Forest"
Frenkie Gonzales,"AC Milan, Norwich City"
Luis Fischer,"Mallorca, Atletico Madrid, Valencia"
Alessandro Fernandez,"Liverpool, Wolverhampton, Barcelona, Hellas Verona, Empoli"
Dimitri Santos,"Lille, Mallorca"
Kevin Gonzales,"Strasbourg, Genoa"
Darwin Roux,Southampton
Samuel Hoffmann,Cagliari
Pedri Meyer,Getafe
Ivan Tchouaméni,"Nottingham Forest, Cagliari"
Hiroshi Moreau,"Wolverhampton, Watford, Southampton, Celta Vigo"
Memphis Smit,"Rayo Vallecano, Nice, Ipswich Town, Southampton"
Mikel Smit,"Sheffield United, Sunderland, SS Lazio, Marseille"
Declan Vasquez,Inter Milan
Romelu Dubois,Hellas Verona
Gianluigi Laurent,"Norwich City, Bologna"
Dimitri Evans,"Columbus Crew, Lille, LAFC"
Julian Schulz,Getafe
Igor Smit,"Crystal Palace, Stuttgart"
Igor Schmidt,Valencia
Maximilian Smit,"Flamengo, Rennes"
Sebastian Alvarez,"AS Roma, Aston Villa"
Benjamin Becker,"Crystal Palace, Benfica, FC Porto"
Memphis Moreau,"Strasbourg, Inter Miami"
Darwin Roberts,Rayo Vallecano
Gianluigi Perez,"Real Madrid, Nottingham Forest"
Sven Ferrari,"PSV Eindhoven, Schalke 04"
Lucas Tchouaméni,"AZ Alkmaar, Valencia, Sporting CP, Inter Milan"
Bruno Alvarez,Stuttgart
Xavi Michel,"RC Lens, São Paulo, Manchester United, Ajax"
Sebastian Van Dijk,"Getafe, Feyenoord, Arsenal"
Virgil Laurent,"Manchester City, VfL Wolfsburg, Parma, Monaco"
Dimitri Hoffmann,"Girona, Nottingham Forest, Al-Nassr, Leeds United"
Nathan Rossi,"Manchester City, Aston Villa, Crystal Palace, Eintracht Frankfurt"
Xavi Nieuwenhuis,"AZ Alkmaar, Sunderland"
Filip Simon,Columbus Crew
Noah Rojas,"Ajax, Atlanta United, Nice"
Alessandro Perez,"Watford, Stuttgart, Borussia Dortmund, Norwich City, Athletic Bilbao"
Jonas Schulz,"Real Betis, Real Sociedad"
Hiroshi Roux,"Lille, RC Lens, Arsenal"
Jan Camavinga,"Southampton, Boca Juniors, Barcelona, Sevilla"
Rasmus Musiala,"Liverpool, Borussia Dortmund, Al-Hilal"
Josko Romano,Mallorca
Diogo Bruno,"Girona, Brighton & Hove Albion"
Hugo Ferrari,"Las Palmas, Mallorca, Al-Ettifaq, São Paulo"
Dimitri Flores,"Crystal Palace, AZ Alkmaar, Borussia Mönchengladbach, Bayern Munich"
Kenji Santos,"Getafe, São Paulo, Aston Villa, Al-Ettifaq, Real Sociedad"
Rafael Hoffmann,Schalke 04
Hiroshi Fernandez,"RC Lens, River Plate"
Paul Gomez,"Brentford, Al-Ahli, Athletic Bilbao, Paris Saint-Germain, Genoa"
Ivan Marino,"Lille, AS Roma, Al-Ahli, Osasuna, Feyenoord"
Rasmus Fernandez,"Werder Bremen, Schalke 04, Aston Villa, Wolverhampton"
Arthur Bianchi,Genoa
Kenji Lefebvre,"Athletic Bilbao, Inter Miami, Espanyol, Atalanta, AC Milan"
Mikel Bertrand,"Las Palmas, Bournemouth, RB Leipzig"
Luka Martinez,"Borussia Mönchengladbach, Chelsea, RB Leipzig, Inter Miami"
Filip Gomez,Watford
Phil Rojas,"Genoa, Manchester City, Villarreal, Werder Bremen"
Arthur Moreau,"Sheffield United, FC Porto"
Marco Flores,"Benfica, AS Roma, Brighton & Hove Albion, Real Betis, Hellas Verona"
Phil Smith,"Bournemouth, Sevilla"
Filip Van Dijk,Bayern Munich
Kwame De Jong,Werder Bremen
Sebastian Leroy,Real Betis
Romelu De Bruyne,"SS Lazio, Southampton, Sheffield United, Getafe"
Gavi Silva,"Celta Vigo, Aston Villa, Tottenham Hotspur"
Josko Schulz,Southampton
Nicolò Roux,Atletico Madrid
Thibaut Müller,Juventus
Pedri Garcia,"LA Galaxy, VfL Wolfsburg"
Youssef Santos,"Schalke 04, Paris Saint-Germain, Nottingham Forest, Aston Villa, Atletico Madrid"
Stefan Rodriguez,"Empoli, Tottenham Hotspur"
Bernardo Smith,"Palmeiras, Hellas Verona"
Samuel Bertrand,"Eintracht Frankfurt, Real Betis, FC Porto"
Tiago Schneider,"Feyenoord, Paris Saint-Germain, Tottenham Hotspur"
Kenji Musiala,"Rayo Vallecano, Al-Hilal, Villarreal, Barcelona, SC Freiburg"
Nicolò Fernandez,"Nottingham Forest, Al-Ettifaq, Lille, Rennes, Inter Milan"
Bruno Dubois,"Leeds United, Sunderland, Rennes, Santos"
Phil Marino,"Nottingham Forest, Eintracht Frankfurt"
Eden Greco,Espanyol
Kwame Roux,"Columbus Crew, AC Milan"
Kevin Fernandez,"Watford, Cagliari"
Luka Ricci,Ipswich Town
Pedri Davies,Fulham
Jan Roberts,Napoli
Rafael Michel,Bologna
Dominik Leroy,"Everton, Fiorentina, Southampton, Burnley, Girona"
Kofi Perez,"Getafe, Paris Saint-Germain"
Tiago Hoffmann,"Marseille, Las Palmas, Everton, Al-Nassr"
Gavi Fischer,"Atletico Madrid, Manchester City, Al-Ahli"
Rafael David,Monaco
Kevin Evans,"Villarreal, Inter Milan, Nottingham Forest, Lille"
Frenkie Dubois,"Arsenal, Fiorentina, Al-Ahli, Bayer Leverkusen, Crystal Palace"
Rasmus De Jong,"São Paulo, LA Galaxy, Liverpool, Schalke 04"
Alexander Torres,"Sheffield United, Leeds United, Brentford, RC Lens, Empoli"
Axel De Bruyne,"Atletico Madrid, Norwich City"
Jan Garnacho,"Real Betis, Las Palmas, Chelsea, Sheffield United"
Nicolò Moreno,"Espanyol, Flamengo, Leeds United"
Gavi Brown,"Sunderland, Torino, Bayern Munich"
Noah Moreno,"Al-Ahli, Sheffield United"
Hugo Schneider,Fulham
Miklós Williams,"Osasuna, Real Betis, Tottenham Hotspur, Atletico Madrid, Real Madrid"
Sven Perez,"Paris Saint-Germain, VfL Wolfsburg, Wolverhampton, RC Lens, Aston Villa"
Youssef Bianchi,"Inter Milan, Everton"
Axel Garnacho,"Ajax, Fulham, Watford, Lille, Barcelona"
Kenji Schmidt,"Braga, Wolverhampton"
Bukayo Alvarez,"Eintracht Frankfurt, Udinese"
Jakub Wilson,AC Milan
Nicolò Ricci,Espanyol
Gavi Lopez,"Strasbourg, Sevilla, Sunderland"
Declan Jansen,"Tottenham Hotspur, Feyenoord, Rayo Vallecano"
Sebastian Lopez,"Santos, Al-Nassr, Real Madrid, LA Galaxy"
Liam Vasquez,"Mallorca, Bournemouth, Braga, AZ Alkmaar"
Axel Van Dijk,"RB Leipzig, Sunderland, Napoli"
Samuel Marino,"Arsenal, Parma, Leeds United, Aston Villa, Chelsea"
Dimitri Moreau,"SC Freiburg, FC Porto"
Diogo Moreau,"SS Lazio, LA Galaxy, Ipswich Town"
Nicolas Visser,"Paris Saint-Germain, Al-Ittihad"
Giorgio Schneider,"Manchester City, Southampton, Leeds United, Al-Ettifaq"
Federico Camavinga,FC Porto
Nicolas Esposito,"Rayo Vallecano, Lyon, Atalanta, Celta Vigo, Girona"
Gabriel Silva,Sheffield United
Phil Roux,"LAFC, Al-Ittihad, Leeds United, Tottenham Hotspur"
Bernardo Dubois,"Atlanta United, RB Leipzig, Al-Ittihad, Borussia Mönchengladbach"
Benjamin Bakker,"VfL Wolfsburg, West Ham United, Southampton, Athletic Bilbao, Udinese"
Dominik Tchouaméni,"Everton, Villarreal, FC Porto, Schalke 04"
Liam Bruno,LA Galaxy
Kevin Hoffmann,"Atlanta United, Monaco, Rennes, Werder Bremen"
Mateo Ferrari,"Napoli, Al-Ahli, Torino, Ajax, Mallorca"
Felix Davies,"São Paulo, Nottingham Forest, Crystal Palace, Schalke 04"
Ethan Mainoo,"AC Milan, Leicester City"
Tiago Colombo,"LA Galaxy, Udinese, Al-Ahli"
Luka Laurent,"Villarreal, Eintracht Frankfurt, Sporting CP"
Hiroshi Silva,Crystal Palace
Iker Smit,"Atalanta, Stuttgart, River Plate, AC Milan"
Dominik Vasquez,"Al-Ahli, Everton, Cagliari"
Oliver Simon,"Cagliari, Girona, Valencia, Manchester United"
Ivan Van Dijk,"Arsenal, West Ham United, São Paulo"
Josko Michel,SC Freiburg
Benjamin Roux,Getafe
Youssef Alvarez,"SC Freiburg, AZ Alkmaar"
Benjamin Evans,"Sporting CP, Nice, Aston Villa"
Lorenzo Lefebvre,RC Lens
Cody De Bruyne,"Borussia Mönchengladbach, Tottenham Hotspur, Mallorca, Atalanta, Wolverhampton"
Nicolò Weber,Athletic Bilbao
João Bruno,"Mallorca, VfL Wolfsburg, Aston Villa, Real Madrid, Sevilla"
Noah Bertrand,"Cagliari, Columbus Crew"
Kofi Bakker,Monaco
Luis Fernandez,"Nice, Feyenoord, Flamengo"
Federico Garcia,"FC Porto, Parma"
Alexander Jones,"Girona, Mallorca, West Ham United, Benfica, Chelsea"
Alessandro Moreno,"Stuttgart, Osasuna, Strasbourg"
Felix Garcia,"Manchester City, Marseille"
Jan David,"Rayo Vallecano, Werder Bremen, Parma, Hellas Verona"
João Ricci,FC Porto
Chidi Hernandez,"Napoli, LAFC, Mallorca, Al-Ahli, Stuttgart"
Thibaut Bakker,"Manchester United, Monaco, AC Milan"
Declan Meyer,"Hellas Verona, AC Milan"
Nathan Becker,"Athletic Bilbao, Manchester City, Torino, Norwich City, Al-Ittihad"
Alexander Bruno,"Sheffield United, Paris Saint-Germain, Atletico Madrid, FC Porto"
Memphis Tchouaméni,"Wolverhampton, Real Betis, Boca Juniors, West Ham United, Genoa"
Stefan Moreno,"Inter Miami, West Ham United, Barcelona, Benfica"
Felix Jones,"Bayern Munich, Braga"
Ethan Bellingham,"Bayer Leverkusen, Udinese, Nice"
Virgil Wilson,"SC Freiburg, Fulham, Cagliari, Nice"
Sven Gonzales,"Nice, Real Madrid, Fiorentina, SC Freiburg, RC Lens"
Jan Laurent,"VfL Wolfsburg, Bournemouth"
Giorgio Moreau,Sheffield United
David Rodriguez,"LAFC, Liverpool, Lille"
Darwin Torres,"Palmeiras, Tottenham Hotspur, Brentford, Benfica, Borussia Mönchengladbach"
Marco Martinez,"Paris Saint-Germain, Southampton, Barcelona, Borussia Dortmund"
Federico Roberts,"Osasuna, Al-Nassr"
Ivan Lefebvre,"RC Lens, Hellas Verona, Chelsea"
Dimitri Rossi,AC Milan
Julian De Bruyne,"Espanyol, LAFC, Manchester City, Palmeiras"
Phil Rossi,"Braga, Brighton & Hove Albion, Cagliari, Southampton"
Josko Perez,Nice
Elias Roberts,"São Paulo, Boca Juniors, Feyenoord"
Youssef Colombo,"SC Freiburg, Real Betis, Las Palmas, SS Lazio"
Nathan Evans,"RB Leipzig, FC Porto, Athletic Bilbao, Nottingham Forest"
Alexis Leroy,"Manchester United, SC Freiburg"
Thibaut Musiala,"Al-Nassr, Brighton & Hove Albion"
Samuel Garnacho,Villarreal
Miklós Roberts,"Real Madrid, Liverpool"
Benjamin Bellingham,"Feyenoord, LAFC, Girona"
Kofi Becker,"Bayern Munich, Al-Nassr, Girona, Inter Milan"
Kenji Gomez,"Mallorca, LAFC, Strasbourg, Newcastle United"
Jan Silva,"Aston Villa, Leeds United, Sunderland"
Oliver Bakker,AS Roma
Gianluigi Bellingham,AZ Alkmaar
Kenji Torres,"River Plate, Flamengo"
Iker Gonzales,"Girona, Lyon, Athletic Bilbao, Al-Hilal, Borussia Mönchengladbach"
Giorgio Vasquez,"AS Roma, Rayo Vallecano, Sporting CP, PSV Eindhoven, Espanyol"
Maximilian Rodriguez,"Napoli, PSV Eindhoven"
Lukas Flores,"Norwich City, AC Milan, Genoa, Udinese, Hellas Verona"
Stefan Meyer,"Brighton & Hove Albion, Tottenham Hotspur"
Youssef Tchouaméni,Ipswich Town
Hugo Van Dijk,"Strasbourg, Ipswich Town, Valencia, Wolverhampton"
Jakub Schmidt,"Fulham, Hellas Verona, Real Madrid"
Axel Hoffmann,"Genoa, Crystal Palace"
Xavi Vasquez,"Atletico Madrid, Fulham, Marseille, Nice"
William Brown,"Al-Ahli, Torino, Genoa, Las Palmas"
Alexander Williams,"Atalanta, Fulham, LA Galaxy"
Kenji Schneider,"AS Roma, Borussia Dortmund, West Ham United, Sheffield United, Werder Bremen"
Stefan Roberts,Girona
Kwame Davies,"Cagliari, Liverpool"
Memphis Rossi,"Fulham, Tottenham Hotspur"
Darwin Lefebvre,"Manchester City, SC Freiburg, Norwich City, Crystal Palace"
Ethan Torres,"Borussia Dortmund, Getafe, Leicester City, Real Sociedad, Athletic Bilbao"
Tiago Sanchez,Girona
Nathan Camavinga,"Sunderland, Feyenoord, Manchester United, São Paulo"
Federico Perez,"Hellas Verona, Manchester City, Chelsea, Strasbourg, Sporting CP"
Kevin Smit,"Napoli, Real Madrid, Southampton"
Bruno David,SS Lazio
Gabriel Bellingham,West Ham United
Julian Moreau,Crystal Palace
Liam Brown,"Parma, Villarreal, AZ Alkmaar, Al-Hilal, Al-Ittihad"
Samuel Moreno,"Brighton & Hove Albion, Sevilla, Celta Vigo"
Liam Marino,"Tottenham Hotspur, Benfica, Brentford, Manchester City"
Josko Hoffmann,"Barcelona, Monaco"
Hugo Taylor,"AZ Alkmaar, Burnley"
João Brown,"Genoa, Newcastle United, Santos, Atletico Madrid, Leeds United"
Bruno Vasquez,"Real Madrid, Sheffield United"
Kofi Schulz,"Torino, Napoli, Santos, Arsenal, Burnley"
Amir Bakker,"Napoli, Norwich City, Mallorca, Burnley"
Federico Ricci,"Ajax, Bayern Munich"
Miklós Colombo,"Boca Juniors, Liverpool, Villarreal, Al-Hilal"
Xavi Bruno,"Fiorentina, River Plate"
Ethan Simon,"Real Madrid, Manchester United, Mallorca, Bayern Munich"
Thibaut Lefebvre,"Sporting CP, Celta Vigo, Atalanta"
Federico Bianchi,"Wolverhampton, Real Betis"
Maximilian Bruno,"Paris Saint-Germain, Wolverhampton, Real Madrid, Manchester United"
Bernardo Van Dijk,Leeds United
Maximilian Bellingham,"Valencia, Mallorca"
Eden Bellingham,"RB Leipzig, Atlanta United, Napoli"
Hugo Dubois,"West Ham United, Real Betis, Marseille, Bayern Munich, Paris Saint-Germain"
William Müller,"RC Lens, Columbus Crew, Flamengo, Schalke 04, River Plate"
Luis Jansen,Manchester City
Martin Michel,"Lille, Al-Ettifaq, Bournemouth, Lyon"
Samuel Bruno,"Monaco, Athletic Bilbao, Nottingham Forest"
Kenji Dubois,"Paris Saint-Germain, Palmeiras"
Kofi Leroy,"Sheffield United, Valencia, AZ Alkmaar, Osasuna"
Elias Jones,"Al-Ittihad, Real Betis, Bologna, Columbus Crew"
Kevin Wilson,"Rennes, Manchester United"
Frenkie Moreno,"Paris Saint-Germain, Feyenoord, Real Madrid, Aston Villa, Atletico Madrid"
Virgil Rodriguez,"Al-Ahli, Lille, Barcelona, Atletico Madrid"
Bruno Thomas,"Newcastle United, Brighton & Hove Albion, Manchester United, Inter Milan, Sunderland"
Kevin Schmidt,"RC Lens, Mallorca, LA Galaxy, Nice, Brighton & Hove Albion"
Dominik Simon,"FC Porto, São Paulo, Athletic Bilbao, Al-Ahli"
Daniel Gonzales,Parma
Lucas Perez,"Schalke 04, Liverpool, Manchester United"
Kevin Santos,"Nice, Benfica, Al-Nassr"
Giorgio Gomez,Crystal Palace
Chidi Smith,Wolverhampton
Romelu Simon,AS Roma
Dimitri Becker,"Nottingham Forest, Palmeiras"
Luka Esposito,"Lille, Las Palmas, Wolverhampton"
Xavi Torres,"Schalke 04, Genoa"
Ethan Gomez,"River Plate, Borussia Dortmund, Manchester City"
Kofi Bertrand,Leeds United
Darwin Sanchez,"Liverpool, Nottingham Forest, Southampton"
Rafael Moreno,"Al-Ittihad, Ipswich Town, Palmeiras, RC Lens"
Cody Bakker,"Borussia Mönchengladbach, Genoa, Real Betis"
Stefan Bellingham,Brighton & Hove Albion
William Nieuwenhuis,"Strasbourg, Newcastle United, FC Porto"
Ciro Wagner,"Getafe, AZ Alkmaar"
Gonçalo Wagner,Ipswich Town
Stefan Gomez,"Atletico Madrid, Villarreal, Crystal Palace"
Iker Hernandez,"Lille, Girona, Bologna, Atalanta"
Paul Nieuwenhuis,"Ipswich Town, Arsenal, Tottenham Hotspur"
Lorenzo Tchouaméni,"Al-Nassr, Strasbourg, Osasuna, Stuttgart, VfL Wolfsburg"
Iker Wagner,"Marseille, Rennes, Barcelona, Everton, Brentford"
João Jansen,"West Ham United, Sheffield United, Udinese"
Frenkie Alvarez,"AS Roma, Tottenham Hotspur, Flamengo, Benfica"
Amir Greco,Bayern Munich
Darwin Meyer,Barcelona
Lukas Fischer,River Plate
Ivan Leroy,Arsenal
Alexander Laurent,"Schalke 04, Rennes, Everton, Braga"
Youssef Torres,"Tottenham Hotspur, Werder Bremen, West Ham United, Arsenal"
Louis Taylor,"Inter Miami, Newcastle United, Nottingham Forest, Bologna, Santos"
Paul Musiala,"Rayo Vallecano, Aston Villa"
Josko Meyer,"Valencia, Wolverhampton, VfL Wolfsburg, Norwich City"
Mikel Flores,"Fiorentina, River Plate"
Rafael Leroy,"Sunderland, Palmeiras"
Sandro Fernandez,Brentford
Adrian Bakker,Benfica
Amir Wagner,"Lyon, SS Lazio, São Paulo, Hellas Verona"
Kenji Vasquez,"Brighton & Hove Albion, Burnley, Leicester City, AZ Alkmaar, SC Freiburg"
Luis Roberts,"Lyon, Nice, Palmeiras, Newcastle United"
Igor Müller,"Rennes, Monaco, Aston Villa, Sevilla"
Bruno Bellingham,"Bologna, Eintracht Frankfurt, River Plate"
Chidi Fernandez,"Flamengo, Osasuna, Sheffield United, Monaco, LAFC"
Alexander Simon,"Parma, Marseille, PSV Eindhoven, Crystal Palace, Al-Hilal"
Felix Visser,"São Paulo, Schalke 04, Napoli, Aston Villa, Genoa"
Iker Esposito,"Hellas Verona, Espanyol, Celta Vigo, Udinese"
Benjamin Schulz,"Lille, Everton, Tottenham Hotspur, Cagliari, Barcelona"
William Fernandez,"Osasuna, Norwich City, Borussia Dortmund, Inter Miami, AS Roma"
Martin Smith,"Juventus, Real Betis, Mallorca, Real Madrid, Hellas Verona"
Luis Brown,"Atlanta United, West Ham United"
Lucas Meyer,Hellas Verona
Adrian Hoffmann,Inter Miami
Alessandro Ramirez,"Werder Bremen, Atalanta, Sevilla"
Gavi Santos,"Osasuna, Sunderland"
Pedri Roux,Espanyol
Jakub Thomas,"Ajax, Santos"
Mikel Lefebvre,"Sheffield United, Al-Hilal, Ajax, Rennes"
Daniel Leroy,"Manchester City, Borussia Mönchengladbach"
Adrian Rodriguez,"Liverpool, SS Lazio, Bayer Leverkusen"
Giorgio Williams,"Genoa, RC Lens, Athletic Bilbao, Bayern Munich"
Diogo Lopez,"Nottingham Forest, Celta Vigo"
Giorgio Smith,"Chelsea, Real Madrid, Werder Bremen, Boca Juniors, Cagliari"
Stefan Schmidt,"Fiorentina, Ajax"
Lukas Bianchi,"Manchester City, Genoa, West Ham United, Sheffield United"
Bernardo Greco,"Al-Ittihad, Eintracht Frankfurt, Fulham"
Alexander Roux,"Ajax, West Ham United, Celta Vigo, Arsenal, Rayo Vallecano"
Kwame Leroy,"Getafe, Torino, Aston Villa"
Marco Becker,"Watford, Braga, Strasbourg"
Gonçalo Williams,"AZ Alkmaar, Flamengo, AC Milan, Fulham"
Nathan Bellingham,SS Lazio
Dimitri Hernandez,Juventus
Bukayo De Jong,"Athletic Bilbao, Villarreal, Getafe, Tottenham Hotspur"
Marco Tchouaméni,"Nice, Wolverhampton, Ipswich Town"
Samuel Greco,"Inter Miami, Rayo Vallecano, AZ Alkmaar, SC Freiburg, Fiorentina"
Sven Gomez,Rayo Vallecano
Jonas Fernandez,Brentford
Dimitri David,"Palmeiras, Getafe, Marseille"
Martin Wilson,"Borussia Dortmund, Columbus Crew"
Josko Fischer,Borussia Mönchengladbach
Maximilian Nieuwenhuis,"Atalanta, Marseille, Ipswich Town, Athletic Bilbao"
Noah Torres,Boca Juniors
Hiroshi Rodriguez,"São Paulo, Cagliari, Leeds United, Al-Ittihad"
Dries Dubois,"Sheffield United, Parma, Torino"
Filip Marino,West Ham United
Dimitri De Bruyne,"Braga, Juventus, Sevilla"
Ivan Becker,"Napoli, Leeds United, Sunderland, Osasuna, São Paulo"
Eden Moreno,"Arsenal, SS Lazio, Nice"
Elias Martinez,"Palmeiras, Southampton, Columbus Crew, Udinese"
Paul Roberts,"Al-Ittihad, Bournemouth, Strasbourg"
Samuel Perez,"Monaco, Newcastle United"
Kofi Lefebvre,"Arsenal, Sheffield United, West Ham United"
Maximilian Becker,"Bayer Leverkusen, Lille, Al-Hilal, Al-Ittihad"
Darwin Smit,"Liverpool, Real Betis"
Rasmus Gonzales,"Al-Ittihad, Al-Nassr, Mallorca, Sevilla, Fulham"
Kevin Leroy,Juventus
Maximilian Laurent,"Sporting CP, Tottenham Hotspur"
Luis Visser,"RB Leipzig, Mallorca, Southampton"
Ivan Jones,"RC Lens, AS Roma, Eintracht Frankfurt, Inter Miami, LAFC"
Mikel Wagner,"Rennes, Tottenham Hotspur, Brentford, Lyon"
Jakub Marino,Benfica
Alexander Perez,Villarreal
Gonçalo Smit,Schalke 04
Liam Evans,"LA Galaxy, SC Freiburg, Monaco, PSV Eindhoven, Columbus Crew"
Igor Hernandez,Rayo Vallecano
Stefan Hernandez,"AS Roma, Inter Milan, SC Freiburg"
Nathan Hoffmann,"Sevilla, Cagliari, RB Leipzig, Crystal Palace"
Declan Santos,AS Roma
Virgil Flores,"Udinese, Lille, Las Palmas, Brighton & Hove Albion"
Daniel Lopez,"Bayer Leverkusen, Santos"
Alexis Ramirez,"RC Lens, VfL Wolfsburg, Al-Hilal, Lyon"
Nicolas Ricci,"Inter Milan, Napoli, São Paulo, Stuttgart, Newcastle United"
Sebastian Garnacho,"Bayern Munich, Inter Milan, Torino, Cagliari, Nice"
Arthur Laurent,Bayern Munich
Noah Ferrari,Villarreal
Sandro Marino,"Empoli, Espanyol"
Nathan Esposito,"Chelsea, Fulham, Al-Ahli, Villarreal, Schalke 04"
Youssef Michel,"Lille, Borussia Mönchengladbach, RC Lens, Athletic Bilbao"
Memphis Williams,"Columbus Crew, Inter Milan, Parma, Paris Saint-Germain"
Nicolò Thomas,"Sevilla, Fulham, PSV Eindhoven"
Dries Ramirez,"Arsenal, São Paulo"
Sandro Bertrand,"Arsenal, Werder Bremen"
Gianluigi Van Dijk,"Inter Miami, Aston Villa"
Cody Van Dijk,"Atlanta United, Columbus Crew, Newcastle United, Nottingham Forest"
Darwin Jansen,"Watford, Arsenal, Boca Juniors, RC Lens"
Elias Perez,West Ham United
Hiroshi Rojas,"Real Betis, Braga"
Rasmus Roux,"Manchester City, Columbus Crew, Ajax, River Plate"
Noah Greco,"Espanyol, Norwich City, Rayo Vallecano, Boca Juniors, Mallorca"
Martin Ricci,"Leeds United, Rayo Vallecano"
David Esposito,"River Plate, PSV Eindhoven, Paris Saint-Germain, Newcastle United"
Romelu Santos,RB Leipzig
Nicolò Wilson,"Sevilla, Rayo Vallecano"
Ciro Moreau,"Marseille, Liverpool, Girona, Inter Milan"
Dimitri Jansen,"PSV Eindhoven, Inter Milan, Rayo Vallecano, Braga"
Stefan Alvarez,Athletic Bilbao
Alexis Laurent,"Empoli, West Ham United, Boca Juniors, Stuttgart"
Elias Hoffmann,"Werder Bremen, Villarreal, Las Palmas, Paris Saint-Germain"
Kwame Silva,Brighton & Hove Albion
Stefan Rossi,"Benfica, Atletico Madrid, Genoa, Rennes"
Ethan Lopez,"Crystal Palace, VfL Wolfsburg, Rennes, Paris Saint-Germain, Espanyol"
David Silva,"Werder Bremen, Chelsea, Burnley"
Bruno Meyer,Villarreal
Sandro Brown,"Al-Ahli, Crystal Palace, Ajax, LAFC, Celta Vigo"
Louis Camavinga,SC Freiburg
Igor David,Bologna
Kwame Moreno,Lyon
Chidi Moreno,"RC Lens, Celta Vigo, Bayern Munich, SS Lazio"
Nicolas Moreau,"Napoli, Borussia Dortmund, Al-Hilal, Manchester City"
Ivan Nieuwenhuis,"Juventus, Southampton, FC Porto, VfL Wolfsburg"
Eden Müller,"Schalke 04, VfL Wolfsburg, Sporting CP, Cagliari"
Axel Lefebvre,"SC Freiburg, Al-Hilal, Aston Villa, Marseille"
Rasmus Taylor,"AZ Alkmaar, Juventus, Leicester City, Valencia"
Lorenzo Müller,"Marseille, Werder Bremen, Manchester United"
Nathan Bertrand,"Parma, Valencia"
Mikel Nieuwenhuis,"Real Betis, Brentford, Lille, Norwich City"
Rafael Rodriguez,Al-Nassr
Lorenzo Taylor,"Fulham, Tottenham Hotspur, Paris Saint-Germain, Cagliari, Juventus"
Elias Davies,Nottingham Forest
Bernardo Santos,AZ Alkmaar
Bukayo Lopez,"Osasuna, Sunderland, Monaco, Columbus Crew"
Alexis Romano,"Sheffield United, Leeds United"
Miklós Taylor,"RC Lens, Athletic Bilbao, Nottingham Forest, PSV Eindhoven"
Igor Martinez,"Schalke 04, Eintracht Frankfurt, River Plate, Athletic Bilbao"
João Schulz,"Fiorentina, Barcelona, Girona"
Darwin Michel,"Werder Bremen, FC Porto, AC Milan, Cagliari, SC Freiburg"
Kwame Musiala,"FC Porto, Cagliari"
Darwin Bellingham,"Feyenoord, Leeds United, AC Milan, Eintracht Frankfurt"
Mikel Becker,"Leeds United, Palmeiras"
Darwin Laurent,"Lyon, Atletico Madrid, FC Porto, Benfica, Girona"
Axel Bianchi,"Brighton & Hove Albion, Cagliari, Brentford, Flamengo, Inter Miami"
Josko Weber,"Bayer Leverkusen, Sunderland, LA Galaxy, Aston Villa"
Liam David,"Osasuna, Burnley"
Miklós De Bruyne,"Paris Saint-Germain, Sevilla"
Bruno Musiala,"Newcastle United, Cagliari, Brighton & Hove Albion"
Rasmus Silva,"Atalanta, Bournemouth, FC Porto"
Lukas Musiala,Real Sociedad
Miklós Hernandez,"Bayer Leverkusen, Rennes"
Amir Roberts,"Columbus Crew, Borussia Mönchengladbach"
Hugo Flores,"Espanyol, FC Porto"
Diogo Mainoo,Osasuna
Amir Lefebvre,São Paulo
Mikel Gomez,"Celta Vigo, Valencia, Manchester City, Leicester City, Borussia Dortmund"
Dominik Schulz,"Cagliari, Sevilla, Columbus Crew"
Lucas Simon,"Bayern Munich, Sheffield United"
Maximilian Schmidt,"Girona, Inter Milan, Manchester City, Tottenham Hotspur"
Dries Jones,"Girona, Manchester City, Burnley, Columbus Crew"
Dries Mainoo,"Leicester City, RC Lens"
Gabriel Müller,"Rennes, Atalanta, Ipswich Town, Parma, Atlanta United"
Dominik Lopez,"RB Leipzig, Bologna, Liverpool"
Alexis Becker,"Everton, West Ham United"
Kevin Schulz,"Chelsea, Braga, West Ham United"
João Marino,"Genoa, Bayer Leverkusen, Sheffield United, RC Lens"
Nathan Diaz,Valencia
Iker Bianchi,Udinese
Jakub Smith,"Newcastle United, Napoli, West Ham United, Al-Ahli, Strasbourg"
Luka De Bruyne,"Ajax, Wolverhampton"
Diogo Moreno,"SC Freiburg, Al-Ahli, Udinese, Borussia Mönchengladbach, Arsenal"
Jan Becker,"Rennes, LAFC, Ajax"
Maximilian Gonzales,"Osasuna, Sevilla, Crystal Palace"
Alexander Vasquez,"Atlanta United, Stuttgart, Getafe, Lyon"
William Romano,Sunderland
Alessandro Rossi,"AS Roma, Udinese, Flamengo, Juventus, Crystal Palace"
Mikel Wilson,"SS Lazio, Al-Ahli, Al-Hilal"
Kofi Hernandez,"Al-Ettifaq, Inter Miami, West Ham United, Espanyol, River Plate"
Oliver Martinez,"Manchester City, Getafe, Osasuna"
William Laurent,"AC Milan, Aston Villa"
Noah Fernandez,"Southampton, Leicester City, Girona"
Cody Santos,"Newcastle United, Parma, Espanyol, Mallorca"
Nicolas Brown,"Hellas Verona, Arsenal"
Sebastian Flores,"Columbus Crew, Leicester City, Ajax, Las Palmas, São Paulo"
João Fischer,"AC Milan, RC Lens, Bayern Munich"
Elias Dubois,"Atalanta, Inter Milan, Newcastle United"
Stefan Colombo,"Manchester United, Tottenham Hotspur, LAFC, AS Roma"
Gavi Williams,"Napoli, Athletic Bilbao, LA Galaxy, Atletico Madrid"
Alexander Becker,Ipswich Town
Hugo Schulz,"Feyenoord, Sporting CP"
David Dubois,"LAFC, AC Milan, Athletic Bilbao, Las Palmas, Borussia Dortmund"
Jakub Greco,"Lyon, Boca Juniors, Celta Vigo, Arsenal, Brentford"
Kevin Roberts,Flamengo
Alessandro Flores,"Borussia Dortmund, Everton"
Liam Greco,"Nice, Manchester City"
Arthur Meyer,"Nottingham Forest, Stuttgart, Norwich City, Bournemouth"
Daniel Camavinga,Udinese
Kenji Roux,"Rennes, Everton, Sevilla, Leeds United, Tottenham Hotspur"
Romelu Colombo,"LAFC, Manchester City, Lille, Ajax, Werder Bremen"
Jakub Rossi,"Getafe, Manchester City, SS Lazio, Watford"
Romelu Hoffmann,"SS Lazio, Atletico Madrid, Borussia Mönchengladbach, Lyon, RB Leipzig"
Dries Nieuwenhuis,"Norwich City, Santos, Al-Ahli"
Stefan Perez,"Strasbourg, VfL Wolfsburg, Villarreal, Mallorca"
Luka Thomas,"Al-Hilal, AC Milan, Espanyol"
Phil Bellingham,Wolverhampton
Benjamin Schneider,"AC Milan, Burnley, Manchester United, Al-Nassr"
Kevin Lopez,Al-Ittihad
Sandro Dubois,"Monaco, Rennes"
Amir Torres,"Inter Miami, Palmeiras"
Nicolò Schneider,"Celta Vigo, Manchester City, Sevilla"
Iker Evans,RC Lens
Cody Moreau,"FC Porto, LAFC, Atalanta, Boca Juniors, Ajax"
Alexis Hoffmann,"River Plate, Nice, Werder Bremen"
Lucas Musiala,"RC Lens, Burnley, Al-Ittihad, Manchester United, Hellas Verona"
Nathan Taylor,"Benfica, Flamengo, Liverpool"
Romelu Moreau,"Fulham, Athletic Bilbao, Atletico Madrid, Ajax, Bayern Munich"
Nathan Moreno,Borussia Dortmund
Lukas Hoffmann,"Benfica, Sunderland"
Axel Rossi,"Aston Villa, Manchester City, Schalke 04"
Kwame Weber,"Real Betis, Flamengo"
Federico Weber,"Sporting CP, Brentford"
Marco Bakker,"FC Porto, Fulham, Atalanta, AC Milan"
Hiroshi Santos,"São Paulo, Monaco, Rayo Vallecano, Manchester United, Real Sociedad"
Sven Romano,"Ajax, Schalke 04"
Jonas Bertrand,Sevilla
Ivan Williams,"Ipswich Town, Sporting CP, Boca Juniors, Brentford"
Rafael Bruno,"Strasbourg, Mallorca, Sheffield United"
Stefan De Jong,"Al-Ettifaq, Genoa, Parma, Nice"
Alexis Michel,"Burnley, Boca Juniors, Sunderland, Marseille, Bologna"
Igor Sanchez,Feyenoord
Mikel Fernandez,"Santos, Celta Vigo, River Plate, Real Sociedad, Southampton"
Kofi Visser,"RC Lens, Celta Vigo, Espanyol, Girona, Athletic Bilbao"
Nicolas Smit,"Parma, Strasbourg, Girona, LA Galaxy"
Axel Ricci,"Burnley, Rayo Vallecano, Getafe"
Nicolò Williams,"Ajax, Tottenham Hotspur, Lille, Villarreal"
Gonçalo Smith,"PSV Eindhoven, Stuttgart, Ajax, Fiorentina, RC Lens"
Youssef De Jong,Getafe
Bruno Garcia,"Hellas Verona, Nottingham Forest, São Paulo"
Frenkie Evans,"Rayo Vallecano, LAFC, LA Galaxy"
Martin Moreau,"Stuttgart, Parma, Udinese, Paris Saint-Germain"
Sebastian Fischer,"Torino, Leicester City, Brentford, Flamengo, Atletico Madrid"
Virgil Ramirez,"Juventus, Borussia Dortmund, Cagliari"
Romelu Lefebvre,"Arsenal, Benfica, Atalanta"
Phil Brown,"Rayo Vallecano, Al-Hilal"
Jan Marino,"PSV Eindhoven, Parma, Monaco, Stuttgart, Valencia"
Ciro Roberts,"Atalanta, Real Sociedad, Chelsea, Tottenham Hotspur"
Oliver Van Dijk,"Paris Saint-Germain, Sunderland, Villarreal, São Paulo, Udinese"
Josko Ferrari,"Napoli, Atlanta United, Burnley, Columbus Crew"
Gavi Schulz,"Santos, Ipswich Town, Feyenoord, SS Lazio, Flamengo"
Dimitri Visser,"Monaco, Getafe, Flamengo"
Maximilian Ferrari,"Bologna, Barcelona, Bournemouth, Inter Miami, Leicester City"
Federico Mainoo,"Rennes, Villarreal, Leicester City, Strasbourg"
Darwin Wilson,Flamengo
Kwame Jansen,"West Ham United, Al-Nassr, Borussia Mönchengladbach"
Jakub Bruno,"AC Milan, West Ham United, Crystal Palace"
Jakub Fischer,"SC Freiburg, Boca Juniors, Rennes, Genoa"
Maximilian Thomas,"Torino, Braga, AC Milan"
Daniel De Jong,Udinese
Filip Diaz,"Real Madrid, Osasuna, Cagliari, Bayer Leverkusen"
Rafael Garcia,"Strasbourg, Lille, RC Lens, Borussia Mönchengladbach, Eintracht Frankfurt"
Pedri Weber,"Benfica, Espanyol, Rayo Vallecano"
Samuel Colombo,"Udinese, Atlanta United"
Cody Bruno,"AC Milan, Lyon, Bayern Munich, Rayo Vallecano"
Memphis Colombo,Real Sociedad
Cody Wilson,"Everton, Ajax"
Giorgio Gonzales,AZ Alkmaar
Hiroshi Lopez,"Fiorentina, Juventus, Cagliari, Inter Miami"
Stefan Becker,"Atalanta, Getafe, VfL Wolfsburg"
Bruno Michel,"Getafe, Atalanta, Sheffield United"
Rafael Gomez,Lille
Luka Evans,"River Plate, Osasuna, AS Roma, Napoli"
Kevin Bruno,"West Ham United, Al-Nassr, Strasbourg, Bournemouth, LAFC"
Pedri Moreno,"AS Roma, Atalanta, Rennes"
Hiroshi Jones,"Al-Hilal, Celta Vigo"
Nathan Müller,"Werder Bremen, Napoli, Burnley, Wolverhampton, Fulham"
Igor Gonzales,"Fulham, Atletico Madrid, Liverpool"
Louis Fischer,"Real Madrid, Southampton, Arsenal, Norwich City"
Kenji Ramirez,Atlanta United
Luis Jones,"River Plate, RB Leipzig"
Sven De Jong,"Manchester City, Athletic Bilbao, Liverpool"
Oliver Jansen,"Aston Villa, West Ham United"
Rafael Camavinga,Bologna
Ciro Visser,"Al-Nassr, Braga, Santos"
Bruno Ricci,"Newcastle United, Genoa, Hellas Verona, Bologna, Flamengo"
Josko Hernandez,"Inter Milan, Norwich City, Las Palmas"
Giorgio Ramirez,"Fulham, SC Freiburg"
Rafael Alvarez,"Norwich City, Real Betis, Liverpool, Inter Miami"
Kevin Sanchez,"Getafe, Leicester City"
João Davies,Fulham
Ethan Hoffmann,"Aston Villa, Udinese, Torino"
Josko Sanchez,Crystal Palace
Kofi Rossi,"Hellas Verona, SS Lazio, LAFC"
Arthur Schneider,"São Paulo, LAFC"
Josko Rojas,"RB Leipzig, Southampton, Wolverhampton, Al-Ahli"
Declan Garnacho,"West Ham United, Brentford, VfL Wolfsburg, Norwich City"
Sven Mainoo,Atlanta United
Alexander Santos,"Marseille, Celta Vigo, Tottenham Hotspur"
Sven Vasquez,"Lille, Feyenoord"
Maximilian Smith,"Brentford, Chelsea"
Adrian Schneider,"Lyon, Bayer Leverkusen"
Marco Rojas,"Bologna, Liverpool, Real Betis, Villarreal, Sheffield United"
Noah Esposito,"São Paulo, AZ Alkmaar, Bournemouth, Al-Nassr, West Ham United"
Julian Simon,"Real Madrid, Borussia Dortmund, Las Palmas"
Virgil Moreau,"Atalanta, Chelsea, Al-Ettifaq, Nice, Bournemouth"
William Jansen,"RB Leipzig, Villarreal, Parma, Juventus, Al-Hilal"
Amir Wilson,Manchester City
Dominik Bakker,"Torino, LA Galaxy, Genoa, Bologna, Napoli"
Romelu Vasquez,"Paris Saint-Germain, Bournemouth"
Bruno Diaz,"Stuttgart, Paris Saint-Germain, São Paulo"
Nicolò Jones,"Real Betis, Real Sociedad, Ipswich Town, Paris Saint-Germain, Al-Ettifaq"
Marco Fischer,"Marseille, LA Galaxy, Crystal Palace, Empoli"
Nicolò Müller,"Cagliari, Liverpool, LAFC, SS Lazio, Bayern Munich"
Alexis Dubois,"Aston Villa, Lyon, Girona, SC Freiburg"
Giorgio Jones,"Boca Juniors, FC Porto, Werder Bremen"
Arthur Smit,"Al-Ettifaq, Werder Bremen"
Alexander Flores,"Atletico Madrid, Wolverhampton, Getafe, Fiorentina, Athletic Bilbao"
Federico Thomas,"Mallorca, LA Galaxy, Osasuna, Monaco"
Cody Esposito,"Leicester City, Celta Vigo"
Diogo Davies,Borussia Dortmund
Tiago Romano,"Rennes, Feyenoord, Leeds United"
William Becker,"Inter Milan, Al-Ahli, Leeds United, Napoli, Torino"
Chidi Flores,"AS Roma, Torino, VfL Wolfsburg, Rennes, Napoli"
Luka Brown,Newcastle United
Lucas Gomez,"Monaco, Bayern Munich, Benfica"
Julian Wilson,"Real Madrid, Lille"
Pedri Smit,"AS Roma, Atlanta United, Borussia Mönchengladbach, Manchester United"
Gonçalo Ferrari,"Mallorca, AC Milan, Bournemouth"
Gonçalo Schmidt,"Wolverhampton, Juventus, Chelsea, Strasbourg, Parma"
Xavi Weber,"PSV Eindhoven, Al-Ittihad, Tottenham Hotspur, Eintracht Frankfurt"
Bukayo Esposito,"Juventus, Al-Ittihad"
Benjamin Ramirez,"Al-Hilal, Wolverhampton, Al-Nassr, VfL Wolfsburg, Bologna"
Tiago Evans,"Getafe, Bournemouth, Braga, Eintracht Frankfurt, Hellas Verona"
Bernardo Rossi,"Tottenham Hotspur, Liverpool, Leeds United, Inter Milan, Sheffield United"
Nathan Bianchi,Sporting CP
Pedri Hernandez,"Monaco, Braga"
Kofi Torres,"RC Lens, Boca Juniors, Sunderland"
Luis Schmidt,"Boca Juniors, AZ Alkmaar, Atalanta, FC Porto, Monaco"
João Ferrari,"Inter Miami, Strasbourg, Las Palmas"
Filip Lefebvre,"Bayern Munich, FC Porto, Eintracht Frankfurt, Manchester United, Atalanta"
Alexander Weber,"Crystal Palace, Borussia Mönchengladbach, AS Roma, Al-Hilal, Espanyol"
Gonçalo Wilson,"Paris Saint-Germain, Bayer Leverkusen, Nottingham Forest"
Liam Martinez,Nottingham Forest
Bruno Schneider,"Hellas Verona, Celta Vigo, Palmeiras, Rayo Vallecano"
Alexis Fischer,"Borussia Dortmund, Tottenham Hotspur, Burnley, Cagliari, Empoli"
Bernardo Moreau,"Manchester United, Barcelona, Atalanta"
Bruno Marino,"Atletico Madrid, Ajax, Sporting CP, Sevilla"
Elias Camavinga,"Fiorentina, Bologna, Lille"
Gabriel Romano,"Atlanta United, Rennes, Real Madrid, Borussia Mönchengladbach"
Amir Diaz,"SS Lazio, Sunderland"
Stefan Evans,"Torino, Arsenal, Real Madrid"
Nicolas Schneider,"Paris Saint-Germain, Torino, PSV Eindhoven, Al-Ettifaq"
Sven De Bruyne,"Real Betis, Nottingham Forest"
Nicolò Romano,"Monaco, Atalanta, Chelsea"
Sven Wagner,"Al-Ettifaq, Palmeiras, AS Roma"
Lucas Diaz,"Brentford, Norwich City, RC Lens, Inter Milan"
Nicolas Leroy,Inter Milan
Gabriel Weber,"Brighton & Hove Albion, Borussia Mönchengladbach, Schalke 04, Parma, Al-Ittihad"
Alessandro Williams,"Sevilla, Al-Ahli, Manchester City, Juventus, Al-Nassr"
Sebastian Evans,"São Paulo, Bologna"
Nicolas Taylor,"Arsenal, Ipswich Town, Mallorca, Norwich City, Crystal Palace"
Martin Roberts,"AS Roma, Braga, Barcelona, Sevilla"
Frenkie Roberts,"Boca Juniors, Feyenoord, Parma"
Felix Bruno,SC Freiburg
Stefan Van Dijk,"Las Palmas, Al-Nassr, Boca Juniors, São Paulo, Fulham"
Elias Jansen,"Inter Milan, Napoli, Nice, Manchester United, Liverpool"
Bruno Hoffmann,"Flamengo, Sevilla, Udinese, Las Palmas"
Rasmus Camavinga,"Leicester City, Atletico Madrid, Genoa"
Virgil Taylor,"Bournemouth, Al-Ahli, Atalanta, West Ham United, Everton"
Ivan Schulz,Werder Bremen
Dimitri Ferrari,"Everton, Manchester City, Newcastle United"
Louis Tchouaméni,"Inter Milan, Aston Villa"
Thibaut Becker,"Borussia Dortmund, Chelsea, LA Galaxy, Monaco"
Axel Ramirez,"Espanyol, Boca Juniors, Bayer Leverkusen, Genoa, West Ham United"
William Simon,"Manchester City, Eintracht Frankfurt"
Iker Mainoo,"Chelsea, Barcelona"
Iker Schulz,"Santos, AS Roma, Girona"
Miklós Schulz,"Atalanta, FC Porto"
Thibaut Tchouaméni,"Nice, Juventus"
William Dubois,"Boca Juniors, Atalanta"
Mateo Bellingham,"Hellas Verona, Empoli, Santos, Osasuna, SC Freiburg"
Mikel Roberts,"Palmeiras, Fiorentina"
Luka Schulz,"Al-Ahli, Ajax"
Sebastian De Jong,"Atalanta, Girona, Genoa"
Kofi Martinez,Wolverhampton
Sandro Schmidt,"Liverpool, Monaco"
Jonas Lopez,"SS Lazio, RB Leipzig, Udinese"
Bruno Sanchez,"Girona, Schalke 04, Celta Vigo, Flamengo"
Nicolò Fischer,Columbus Crew
Nicolò David,"Hellas Verona, Bayer Leverkusen, Sporting CP, Parma"
Iker Meyer,"Real Sociedad, Valencia"
Stefan Garcia,"Barcelona, Burnley"
Sandro Meyer,"Chelsea, Paris Saint-Germain, Real Madrid, Al-Ittihad, Torino"
Marco Ramirez,Crystal Palace
Cody Dubois,"Udinese, Empoli, Real Betis"
Romelu Bianchi,"Wolverhampton, SC Freiburg, Marseille, Santos"
Louis Bruno,"Athletic Bilbao, Real Betis, RB Leipzig, Atalanta, Mallorca"
Phil Rodriguez,"Nice, Aston Villa"
Dominik Romano,"Aston Villa, Parma, Genoa, Inter Miami"
Eden Rojas,"Barcelona, Eintracht Frankfurt, Bayer Leverkusen, Paris Saint-Germain"
Benjamin Gomez,Torino
Alexis Lopez,"Schalke 04, Benfica, Sunderland, Rayo Vallecano"
Igor Meyer,"Bournemouth, River Plate, AS Roma, Al-Nassr"
Mateo Greco,"Las Palmas, Al-Nassr, Celta Vigo, Al-Ahli, Arsenal"
Liam Lopez,"Las Palmas, Girona, VfL Wolfsburg, Lyon"
Josko De Jong,"Getafe, Manchester United, Newcastle United"
Gonçalo Hoffmann,"VfL Wolfsburg, São Paulo"
Dimitri Leroy,"Flamengo, Real Madrid, Southampton, Empoli"
Noah Roberts,"Southampton, Sunderland, Nottingham Forest, Getafe, Ipswich Town"
Nicolò Moreau,"Athletic Bilbao, Paris Saint-Germain, Boca Juniors, Monaco"
Gianluigi Smit,"Leeds United, Stuttgart, Eintracht Frankfurt, Watford"
Arthur Hoffmann,"Empoli, São Paulo, SS Lazio, Burnley, Monaco"
Alexander Van Dijk,Bournemouth
Phil Gomez,"Bournemouth, West Ham United"
Darwin Silva,Inter Miami
Xavi Ricci,"Empoli, Mallorca, Fulham"
Thibaut Meyer,"Eintracht Frankfurt, Ajax, Tottenham Hotspur, FC Porto, Al-Ittihad"
Virgil Schneider,"Sunderland, Crystal Palace, Celta Vigo"
Elias Müller,"Atletico Madrid, Juventus, Werder Bremen, Al-Nassr, AZ Alkmaar"
Julian Michel,Santos
Daniel Fischer,"Udinese, Rennes, Wolverhampton"
Miklós Moreno,"Borussia Mönchengladbach, Ipswich Town, Mallorca, LAFC"
Axel Nieuwenhuis,"Borussia Dortmund, Sporting CP, Southampton, Brentford, Ajax"
Adrian Romano,Monaco
Virgil Silva,"Monaco, AZ Alkmaar, Watford"
Bukayo Marino,"Nottingham Forest, Ipswich Town, Napoli"
Jakub Leroy,Rayo Vallecano
Chidi Brown,"Lyon, Bayer Leverkusen, Espanyol"
Alessandro Gomez,"Schalke 04, Espanyol, Al-Hilal, Fulham, Burnley"
Stefan Lefebvre,"Borussia Dortmund, Sunderland, Columbus Crew, Las Palmas"
Kofi Taylor,"Watford, Feyenoord, Atalanta"
Filip Visser,Leeds United
Liam Thomas,"Werder Bremen, AZ Alkmaar, Bournemouth"
Liam Rodriguez,Marseille
Adrian Ricci,"Rennes, Wolverhampton, Brighton & Hove Albion"
Filip Laurent,"Celta Vigo, Crystal Palace, Rennes, Flamengo, Leicester City"
Youssef Gonzales,Braga
Memphis Müller,Al-Nassr
Lukas Brown,"Real Sociedad, Fulham, Las Palmas, Borussia Mönchengladbach"
Julian Hernandez,"Mallorca, Southampton, Strasbourg, São Paulo, Barcelona"
Jakub Esposito,"VfL Wolfsburg, LAFC, Mallorca, Udinese, São Paulo"
Nathan Gomez,"Getafe, Rennes, Bournemouth"
Louis Jones,"Palmeiras, Leeds United, LAFC, Real Madrid"
Frenkie Laurent,AZ Alkmaar
Chidi Schulz,"Udinese, RB Leipzig"
Ethan Lefebvre,"Empoli, Mallorca, Monaco, Barcelona"
Cody Musiala,"Villarreal, Hellas Verona"
Filip Schmidt,Borussia Dortmund
Bukayo Wilson,Sheffield United
Igor Fernandez,"Werder Bremen, Fiorentina, Norwich City, Al-Ettifaq, Hellas Verona"
Gonçalo Garcia,"Ipswich Town, AS Roma, Crystal Palace"
Sven Martinez,"Mallorca, PSV Eindhoven, Al-Ittihad, Crystal Palace, Wolverhampton"
Pedri Marino,Southampton
Ivan Lopez,"Palmeiras, Stuttgart, Ipswich Town, Paris Saint-Germain"
Benjamin Van Dijk,Villarreal
Ivan Vasquez,"SS Lazio, Getafe, Bournemouth"
Rafael Vasquez,Boca Juniors
Ethan Rossi,"Lyon, FC Porto, Inter Milan, RB Leipzig, Cagliari"
Nicolas Garcia,Rayo Vallecano
Dominik Jansen,"Manchester City, Werder Bremen, Rennes, Athletic Bilbao, Brighton & Hove Albion"
Hiroshi Dubois,Inter Milan
Eden Bakker,"Al-Nassr, Werder Bremen, LA Galaxy, Cagliari"
Daniel Smit,"AC Milan, Rennes, Chelsea"
Nathan Williams,"Brighton & Hove Albion, Aston Villa, Borussia Dortmund, Wolverhampton, Al-Ettifaq"
Xavi Smith,Inter Miami
William Bellingham,Braga
Frenkie Wilson,"AC Milan, Rayo Vallecano, Bournemouth"
Memphis Visser,"LA Galaxy, Inter Miami"
Mikel Bellingham,"SS Lazio, Bayer Leverkusen"
Benjamin Musiala,"Flamengo, Borussia Mönchengladbach, Manchester City"
Gonçalo Ricci,"Athletic Bilbao, Real Madrid, Getafe, Columbus Crew"
Jakub Müller,"Al-Nassr, Borussia Dortmund, Santos, Espanyol"
Federico De Jong,"Aston Villa, Manchester United"
Dominik Gonzales,"Fiorentina, Real Betis"
Bernardo Ferrari,FC Porto
Ethan Bianchi,"Paris Saint-Germain, Brighton & Hove Albion, RB Leipzig"
Gavi Torres,"Atletico Madrid, Aston Villa, Watford, São Paulo"
Mateo Rodriguez,"Leicester City, Real Betis, Barcelona, Sevilla, Leeds United"
Ethan Silva,"Southampton, Getafe"
Filip Wagner,Fiorentina
Bernardo Hernandez,"AS Roma, Parma, Chelsea, Al-Nassr"
Xavi Smit,"Real Betis, Palmeiras, Osasuna, Borussia Mönchengladbach, PSV Eindhoven"
Lorenzo Musiala,"São Paulo, Norwich City, AC Milan, Leicester City"
Martin Ferrari,"Rayo Vallecano, Real Madrid, Wolverhampton, Aston Villa, West Ham United"
Oliver Schmidt,"Espanyol, Bayer Leverkusen, Ipswich Town, Real Madrid"
Rafael Greco,"West Ham United, Real Madrid, Inter Miami, Borussia Mönchengladbach, SS Lazio"
Nicolò Bellingham,"Real Betis, Fulham"
Rafael Flores,"Paris Saint-Germain, Sporting CP, Arsenal, Real Sociedad"
Iker David,Real Betis
Alexis Jansen,"VfL Wolfsburg, Atletico Madrid, Fulham, Bournemouth"
Rafael Van Dijk,"Flamengo, Wolverhampton"
Frenkie Ferrari,"Rennes, Mallorca, Santos, Crystal Palace"
Dimitri Ramirez,"Juventus, Atlanta United"
Phil Lopez,Brentford
Hiroshi Leroy,"Stuttgart, AS Roma, Bayer Leverkusen"
Nicolò Greco,"Stuttgart, Paris Saint-Germain, Mallorca, SC Freiburg, Girona"
Frenkie Bertrand,Columbus Crew
Xavi Thomas,"Sevilla, Monaco, Real Sociedad, Rennes"
Lucas Leroy,"Manchester United, Newcastle United, Ipswich Town, Torino, Monaco"
Diogo Esposito,"Napoli, Udinese, Osasuna, Celta Vigo, Sporting CP"
Pedri Smith,"Marseille, Manchester United"
Nathan Rodriguez,"LA Galaxy, Celta Vigo"
Iker Flores,"Borussia Dortmund, AZ Alkmaar, Hellas Verona, Espanyol, Manchester United"
Alexis Schmidt,"Wolverhampton, Borussia Dortmund, FC Porto, Inter Milan, Lille"
Marco De Jong,"Inter Milan, Torino, Brighton & Hove Albion, Parma, Arsenal"
Nicolò Torres,"Celta Vigo, Sevilla, Bayer Leverkusen, RC Lens"
Marco Bruno,"Atalanta, Brentford"
João De Bruyne,Celta Vigo
Lorenzo David,"Lyon, Las Palmas"
Daniel Roberts,Crystal Palace
Ciro Martinez,"AS Roma, Borussia Dortmund, Southampton, Watford, Braga"
Ethan Fischer,"VfL Wolfsburg, Nottingham Forest, Eintracht Frankfurt"
Bukayo Laurent,"Sevilla, Inter Miami, AC Milan"
Benjamin Moreno,"Ipswich Town, Palmeiras"
Jakub Gomez,"LA Galaxy, Juventus, Rayo Vallecano, Nottingham Forest, Borussia Dortmund"
Mikel Müller,"RB Leipzig, Norwich City, Sevilla, Feyenoord"
Eden Bertrand,"Osasuna, Aston Villa, Getafe, West Ham United"
Bernardo Moreno,"Wolverhampton, PSV Eindhoven, AS Roma, Hellas Verona, Manchester United"
Igor Fischer,"Al-Ahli, Stuttgart, Osasuna"
David Perez,"River Plate, Barcelona, Chelsea"
Martin Martinez,"Cagliari, Monaco"
Declan Rossi,"FC Porto, Ajax, Paris Saint-Germain"
Maximilian Colombo,"Nice, Sevilla, Flamengo, Bologna"
Benjamin Garnacho,"Girona, Inter Miami"
Oliver Hernandez,"Braga, Atletico Madrid, Juventus, Hellas Verona"
Thibaut Bertrand,"Manchester United, Leeds United, Empoli, Lyon"
Ciro Jones,"PSV Eindhoven, Lyon, Tottenham Hotspur"
Ivan Bertrand,"Sunderland, São Paulo"
David Garcia,"Al-Ahli, Al-Ettifaq, Stuttgart, VfL Wolfsburg"
Maximilian Gomez,"PSV Eindhoven, Torino"
Sandro Romano,"Sheffield United, Arsenal"
Tiago Hernandez,"Ajax, LA Galaxy"
Phil Fernandez,Empoli
Declan Schulz,"Palmeiras, Girona, Al-Nassr, Southampton, Napoli"
Paul Wilson,Aston Villa
Julian Roux,"Southampton, Espanyol"
Bruno Wilson,"Newcastle United, Parma, Palmeiras, Monaco, West Ham United"
Nicolò Rodriguez,"Newcastle United, AC Milan, Al-Nassr, Juventus, Barcelona"
Marco Michel,"Strasbourg, Inter Milan, Lyon, Bayern Munich"
Luis Hoffmann,Getafe
Hiroshi Schneider,Bournemouth
Amir Bertrand,Brentford
Kenji Becker,"Lille, Brentford, Manchester City"
Bruno Smith,"Fiorentina, Leeds United, Al-Ittihad"
Liam Ferrari,"Lille, Norwich City, Hellas Verona, AZ Alkmaar, Torino"
Stefan Romano,"LAFC, Everton, Al-Ittihad"
Kevin Williams,"Atlanta United, Braga, Watford"
Alessandro Ricci,Palmeiras
Nicolas Sanchez,Villarreal
Rafael Jansen,"Sheffield United, Bayer Leverkusen, Udinese, Al-Nassr"
Jan Meyer,"Paris Saint-Germain, Bournemouth, Espanyol, Girona, Cagliari"
Paul Thomas,"Al-Ittihad, Villarreal, Al-Hilal"
Phil Ramirez,Inter Milan
Memphis Lopez,Bologna
Alexis Jones,"Newcastle United, Boca Juniors"
Youssef David,"Al-Ahli, Atlanta United, Ipswich Town, Southampton"
Alexander Nieuwenhuis,"Inter Milan, Manchester United, LAFC"
Memphis Ramirez,"Al-Ittihad, Juventus, Crystal Palace"
Sandro Visser,"West Ham United, SC Freiburg, Empoli"
Dimitri Martinez,"Aston Villa, AZ Alkmaar, Arsenal, Bayern Munich, Espanyol"
Martin Schulz,"Sevilla, Bayer Leverkusen, Al-Ahli"
Dries Moreno,"PSV Eindhoven, Palmeiras, Atalanta, Rayo Vallecano"
Filip Nieuwenhuis,"AC Milan, Sporting CP, São Paulo"
Luis Lopez,"Al-Hilal, Athletic Bilbao, Everton, Torino"
Felix Taylor,"Al-Ettifaq, RB Leipzig"
Lukas Thomas,Flamengo
Arthur David,"Sevilla, Al-Hilal"
Felix Fischer,"Al-Hilal, Crystal Palace, Norwich City, Tottenham Hotspur, Southampton"
Dimitri Weber,"Borussia Mönchengladbach, Ipswich Town, Real Betis, Napoli"
Lucas Schmidt,"Sevilla, Fiorentina, Bologna"
Lucas Garcia,"Newcastle United, Bayern Munich, Girona, Ipswich Town"
Chidi Fischer,"Marseille, Osasuna, São Paulo"
Alexis Sanchez,"Borussia Dortmund, Braga"
Tiago Rodriguez,"LAFC, AS Roma, Manchester United, Wolverhampton"
Pedri Ferrari,"Nice, Villarreal, Crystal Palace"
Adrian Laurent,"Al-Nassr, Villarreal"
Mikel Hoffmann,"Celta Vigo, AZ Alkmaar"
Amir Laurent,Brentford
Rasmus Schmidt,"Marseille, Genoa, Inter Miami, FC Porto"
Gianluigi Fernandez,"Al-Ahli, Sheffield United"
Gianluigi Leroy,"Atalanta, Braga, Bournemouth"
Axel Bertrand,Inter Miami
Luis Ramirez,"Brighton & Hove Albion, Everton"
Arthur Flores,"Sheffield United, LA Galaxy, Ipswich Town, Lille"
Giorgio Perez,"Leeds United, Monaco, Genoa, River Plate, Benfica"
Mateo De Jong,Leeds United
Noah Gonzales,"Southampton, West Ham United, SC Freiburg, Celta Vigo, Benfica"
Memphis Leroy,"Sheffield United, Hellas Verona, Boca Juniors"
Sandro Camavinga,"Santos, Sunderland, Lille, West Ham United"
Ethan Moreau,"Wolverhampton, Leeds United"
Sebastian Jones,"Monaco, Lille, Crystal Palace, Real Betis"
Julian Garnacho,"Al-Hilal, Bournemouth, AZ Alkmaar, Napoli"
João Bertrand,"Udinese, Lille"
Memphis Schneider,"Eintracht Frankfurt, Lille, Werder Bremen, Las Palmas"
Romelu Rossi,"Bayer Leverkusen, Hellas Verona, Boca Juniors, Crystal Palace"
Elias Bakker,"RC Lens, Hellas Verona, Wolverhampton, Schalke 04, Real Sociedad"
Mateo Gonzales,"Tottenham Hotspur, SC Freiburg, Santos, West Ham United, AS Roma"
Jan Rodriguez,Atalanta
Ivan Santos,"Ipswich Town, Al-Hilal"
Gavi Hoffmann,"Monaco, Fiorentina, PSV Eindhoven, Fulham"
Samuel Musiala,"Espanyol, Fiorentina, Braga"
Phil Weber,AS Roma
Alexander Diaz,"Arsenal, Al-Hilal, SC Freiburg, Boca Juniors"
Phil Moreau,"Manchester United, Empoli, Sunderland, Chelsea"
Filip Michel,"Nice, Fiorentina, LA Galaxy, Torino, Rennes"
Gavi Roux,"AZ Alkmaar, Real Betis"
Pedri Martinez,"Bologna, Sporting CP"
Kenji Garnacho,"Leeds United, Al-Ahli, Flamengo, Feyenoord"
Alessandro Michel,"Rennes, Atlanta United, Udinese"
Ethan Wagner,AS Roma
Alexander Smit,"Atalanta, Eintracht Frankfurt, Palmeiras"
Kofi Garcia,"Stuttgart, Real Madrid, Strasbourg"
Hiroshi Weber,"Strasbourg, Brighton & Hove Albion, SC Freiburg, Everton, Atletico Madrid"
Ciro Laurent,RB Leipzig
Dominik Wilson,FC Porto
Frenkie Davies,"Al-Hilal, Werder Bremen, Aston Villa"
Bruno Becker,"Leeds United, Monaco, Stuttgart, Borussia Dortmund, Santos"
Federico Ramirez,"West Ham United, Fulham, Flamengo, São Paulo, Rayo Vallecano"
Cody Schneider,"LA Galaxy, Schalke 04, Osasuna, Udinese, Real Sociedad"
Sebastian David,"Eintracht Frankfurt, Atalanta"
Bruno Bakker,"Udinese, Flamengo, Real Betis"
David Moreno,"Al-Hilal, Atletico Madrid, AC Milan, Arsenal, Villarreal"
